<?xml version="1.0" encoding="utf-8" ?>
<Defs>


<!-- Tier 0 Base: Cloth -->

  <ThingDef  Name="Kenshi_ArmorBaseCloth" ParentName="ApparelMakeableBase" Abstract="True">
    <defName>Kenshi_ArmorBaseCloth</defName>

    <costStuffCount>60</costStuffCount>
    <stuffCategories>
      <li>Leathery</li>
      <li>Fabric</li>
    </stuffCategories>

    <recipeMaker>
      <workSpeedStat>TailoringSpeed</workSpeedStat>
      <workSkill>Crafting</workSkill>
      <effectWorking>Tailor</effectWorking>
      <soundWorking>Recipe_Tailor</soundWorking>

      <recipeUsers>
        <li>ElectricTailoringBench</li>
        <li>HandTailoringBench</li>
        <li>CraftingSpot</li>
      </recipeUsers>
    </recipeMaker>

		<generateCommonality>0.01</generateCommonality>
		
    <statBases>
      <MaxHitPoints>140</MaxHitPoints>
      <WorkToMake>3000</WorkToMake>
      <Mass>1.2</Mass>
      <StuffEffectMultiplierArmor>0.1</StuffEffectMultiplierArmor>
      <StuffEffectMultiplierInsulation_Cold>0.40</StuffEffectMultiplierInsulation_Cold>
      <StuffEffectMultiplierInsulation_Heat>0.40</StuffEffectMultiplierInsulation_Heat>
      <EquipDelay>2.5</EquipDelay>
    </statBases>
    <thingCategories>
      <li>Apparel</li>
    </thingCategories>
    <apparel>
      <tags>
        <li>Neolithic</li>
        <li>MedievalMilitary</li>
        <li>IndustrialBasic</li>
      </tags>
      <defaultOutfitTags>
        <li>Worker</li>
      </defaultOutfitTags>
    </apparel>

  </ThingDef>

<!-- Tier 1 Base: Light -->

  <ThingDef  Name="Kenshi_ArmorBaseLight" ParentName="ApparelMakeableBase" Abstract="True">
    <defName>Kenshi_ArmorBaseLight</defName>

    <costStuffCount>60</costStuffCount>
    <stuffCategories>
      <li>Leathery</li>
      <li>Fabric</li>
    </stuffCategories>

    <recipeMaker>
      <workSpeedStat>TailoringSpeed</workSpeedStat>
      <workSkill>Crafting</workSkill>
      <effectWorking>Tailor</effectWorking>
      <soundWorking>Recipe_Tailor</soundWorking>

      <recipeUsers>
        <li>ElectricTailoringBench</li>
        <li>HandTailoringBench</li>
      </recipeUsers>
    </recipeMaker>

    <generateCommonality>0.01</generateCommonality>
    
    <statBases>
      <MaxHitPoints>170</MaxHitPoints>
      <WorkToMake>8000</WorkToMake>
      <Mass>2.2</Mass>
      <StuffEffectMultiplierArmor>0.2</StuffEffectMultiplierArmor>
      <StuffEffectMultiplierInsulation_Cold>0.20</StuffEffectMultiplierInsulation_Cold>
      <StuffEffectMultiplierInsulation_Heat>0.20</StuffEffectMultiplierInsulation_Heat>
      <EquipDelay>2.5</EquipDelay>
    </statBases>
    <thingCategories>
      <li>Apparel</li>
    </thingCategories>
    <apparel>
      <tags>
        <li>MedievalMilitary</li>
        <li>IndustrialBasic</li>
      </tags>
      <defaultOutfitTags>
        <li>Worker</li>
      </defaultOutfitTags>
    </apparel>
  <colorGenerator Class="ColorGenerator_Options">
  <options>
    <li>
    <weight>5</weight>
    <max>RGBA(1,1,1,1)</max>
    <min>RGBA(0.30,0.30,0.30,1)</min>
    </li>       
  </options>
  </colorGenerator>
  </ThingDef>

<!-- Tier 2 Base: Medium Metal -->

  <ThingDef  Name="Kenshi_ArmorBaseMedium" ParentName="ArmorSmithableBase" Abstract="True">
    <defName>Kenshi_ArmorBaseMedium</defName>

    <costStuffCount>60</costStuffCount>
    <stuffCategories>
      <li>Metallic</li>
    </stuffCategories>

    <recipeMaker>
      <workSpeedStat>TailoringSpeed</workSpeedStat>
      <workSkill>Crafting</workSkill>
      <effectWorking>Tailor</effectWorking>
      <soundWorking>Recipe_Tailor</soundWorking>

      <recipeUsers>
        <li>ElectricSmithy</li>
        <li>FueledSmithy</li>
      </recipeUsers>
    </recipeMaker>

    <generateCommonality>0.01</generateCommonality>
    
    <statBases>
      <MaxHitPoints>170</MaxHitPoints>
      <WorkToMake>8000</WorkToMake>
      <Mass>2.2</Mass>
      <StuffEffectMultiplierArmor>0.2</StuffEffectMultiplierArmor>
      <StuffEffectMultiplierInsulation_Cold>0.20</StuffEffectMultiplierInsulation_Cold>
      <StuffEffectMultiplierInsulation_Heat>0.20</StuffEffectMultiplierInsulation_Heat>
      <EquipDelay>2.5</EquipDelay>
    </statBases>
    <thingCategories>
      <li>Apparel</li>
    </thingCategories>
    <apparel>
      <tags>
        <li>MedievalMilitary</li>
        <li>IndustrialBasic</li>
      </tags>
      <defaultOutfitTags>
        <li>Worker</li>
      </defaultOutfitTags>
    </apparel>
  <colorGenerator Class="ColorGenerator_Options">
  <options>
    <li>
    <weight>5</weight>
    <max>RGBA(0.6,0.6,0.6,1)</max>
    <min>RGBA(0.20,0.20,0.20,1)</min>
    </li>       
  </options>
  </colorGenerator>
  </ThingDef>

<!-- Tier 2 Base: Medium Leather -->

  <ThingDef  Name="Kenshi_ArmorBaseMediumLeather" ParentName="ArmorSmithableBase" Abstract="True">
    <defName>Kenshi_ArmorBaseMediumLeather</defName>

    <costStuffCount>60</costStuffCount>
    <stuffCategories>
      <li>Leathery</li>
    </stuffCategories>

    <recipeMaker>
      <workSpeedStat>TailoringSpeed</workSpeedStat>
      <workSkill>Crafting</workSkill>
      <effectWorking>Tailor</effectWorking>
      <soundWorking>Recipe_Tailor</soundWorking>

      <recipeUsers>
        <li>ElectricTailoringBench</li>
        <li>HandTailoringBench</li>
      </recipeUsers>
    </recipeMaker>

    <generateCommonality>0.01</generateCommonality>
    
    <statBases>
      <MaxHitPoints>170</MaxHitPoints>
      <WorkToMake>8000</WorkToMake>
      <Mass>2.2</Mass>
      <StuffEffectMultiplierArmor>0.2</StuffEffectMultiplierArmor>
      <StuffEffectMultiplierInsulation_Cold>0.20</StuffEffectMultiplierInsulation_Cold>
      <StuffEffectMultiplierInsulation_Heat>0.20</StuffEffectMultiplierInsulation_Heat>
      <EquipDelay>2.5</EquipDelay>
    </statBases>
    <thingCategories>
      <li>Apparel</li>
    </thingCategories>
    <apparel>
      <tags>
        <li>MedievalMilitary</li>
        <li>IndustrialBasic</li>
      </tags>
      <defaultOutfitTags>
        <li>Worker</li>
      </defaultOutfitTags>
    </apparel>
  <colorGenerator Class="ColorGenerator_Options">
  <options>
    <li>
    <weight>5</weight>
    <max>RGBA(0.6,0.6,0.6,1)</max>
    <min>RGBA(0.20,0.20,0.20,1)</min>
    </li>       
  </options>
  </colorGenerator>
  </ThingDef>

  <!-- Tier 3 Base: Heavy -->

  <ThingDef  Name="Kenshi_ArmorBaseHeavy" ParentName="ArmorSmithableBase" Abstract="True">
    <defName>Kenshi_ArmorBaseHeavy</defName>

    <costStuffCount>60</costStuffCount>
    <stuffCategories>
      <li>Metallic</li>
    </stuffCategories>

    <recipeMaker>
      <workSpeedStat>TailoringSpeed</workSpeedStat>
      <workSkill>Crafting</workSkill>
      <effectWorking>Tailor</effectWorking>
      <soundWorking>Recipe_Tailor</soundWorking>

      <recipeUsers>
        <li>ElectricSmithy</li>
        <li>FueledSmithy</li>
      </recipeUsers>
    </recipeMaker>

    <generateCommonality>0.01</generateCommonality>
    
    <statBases>
      <MaxHitPoints>170</MaxHitPoints>
      <WorkToMake>8000</WorkToMake>
      <Mass>2.2</Mass>
      <StuffEffectMultiplierArmor>0.2</StuffEffectMultiplierArmor>
      <StuffEffectMultiplierInsulation_Cold>0.20</StuffEffectMultiplierInsulation_Cold>
      <StuffEffectMultiplierInsulation_Heat>0.20</StuffEffectMultiplierInsulation_Heat>
      <EquipDelay>2.5</EquipDelay>
    </statBases>
    <thingCategories>
      <li>Apparel</li>
    </thingCategories>
    <apparel>
      <tags>
        <li>MedievalMilitary</li>
        <li>IndustrialBasic</li>
      </tags>
      <defaultOutfitTags>
        <li>Worker</li>
      </defaultOutfitTags>
    </apparel>
  <colorGenerator Class="ColorGenerator_Options">
  <options>
    <li>
    <weight>5</weight>
    <max>RGBA(1,1,1,1)</max>
    <min>RGBA(0.30,0.30,0.30,1)</min>
    </li>       
  </options>
  </colorGenerator>
  </ThingDef>

<!-- ........................................................................................................................................ -->

<!-- Gi -->

  <ThingDef ParentName="Kenshi_ArmorBaseCloth">
    <defName>Kenshi_Gi</defName>
    <label>Gi</label>
    <description>A gi, covering the torso but not the arms.</description>
    <graphicData>
      <texPath>Armor/Kenshi_Gi/Armor</texPath>
      <graphicClass>Graphic_Single</graphicClass>
    </graphicData>
    <apparel>
	<hatRenderedFrontOfFace>false</hatRenderedFrontOfFace>
      <bodyPartGroups>
        <li>Torso</li>
        <li>Neck</li>
      </bodyPartGroups>
      <wornGraphicPath>Armor/Kenshi_Gi/Armor</wornGraphicPath>
      <layers>
        <li>Middle</li>
      </layers>
    </apparel>
      <colorGenerator Class="ColorGenerator_Options">
  <options>
    <li>
    <weight>5</weight>
    <max>RGBA(1,1,1,1)</max>
    <min>RGBA(0.30,0.30,0.30,1)</min>
    </li>       
  </options>
  </colorGenerator>
  </ThingDef>

<!-- Ninja Gi -->

  <ThingDef ParentName="Kenshi_ArmorBaseCloth">
    <defName>Kenshi_GiNinja</defName>
    <label>Ninja Gi</label>
    <description>A dark gi, covering the torso but not the arms.</description>
    <graphicData>
      <texPath>Armor/Kenshi_Gi_Ninja/Armor</texPath>
      <graphicClass>Graphic_Single</graphicClass>
    </graphicData>
    <apparel>
  <hatRenderedFrontOfFace>false</hatRenderedFrontOfFace>
      <bodyPartGroups>
        <li>Torso</li>
        <li>Neck</li>
      </bodyPartGroups>
      <wornGraphicPath>Armor/Kenshi_Gi_Ninja/Armor</wornGraphicPath>
      <layers>
        <li>Middle</li>
      </layers>
    </apparel>
      <colorGenerator Class="ColorGenerator_Options">
  <options>
    <li>
    <weight>5</weight>
    <only>(0.1,0.1,0.1)</only>
    </li>       
  </options>
  </colorGenerator>
  </ThingDef>

<!-- Robe -->

  <ThingDef ParentName="Kenshi_ArmorBaseCloth">
    <defName>Kenshi_Robe</defName>
    <label>Robe</label>
    <description>A robe, covering the torso and arms.</description>
    <graphicData>
      <texPath>Armor/Kenshi_Robe/Armor</texPath>
      <graphicClass>Graphic_Single</graphicClass>
    </graphicData>
    <apparel>
  <hatRenderedFrontOfFace>false</hatRenderedFrontOfFace>
      <bodyPartGroups>
        <li>Torso</li>
        <li>Neck</li>
        <li>Shoulders</li>
        <li>Arms</li>
      </bodyPartGroups>
      <wornGraphicPath>Armor/Kenshi_Robe/Armor</wornGraphicPath>
      <layers>
        <li>Middle</li>
      </layers>
    </apparel>
      <colorGenerator Class="ColorGenerator_Options">
  <options>
    <li>
    <weight>5</weight>
    <max>RGBA(1,1,1,1)</max>
    <min>RGBA(0.30,0.30,0.30,1)</min>
    </li>       
  </options>
  </colorGenerator>
  </ThingDef>

<!-- Rag Shirt -->

  <ThingDef ParentName="Kenshi_ArmorBaseCloth">
    <defName>Kenshi_RagShirt</defName>
    <label>Rag Shirt</label>
    <description>A ragged shirt, loosely covering the torso and arms. The stomach is exposed, to make opponent attacks more predictable.</description>
    <graphicData>
      <texPath>Armor/Kenshi_RagShirt/Armor</texPath>
      <graphicClass>Graphic_Single</graphicClass>
    </graphicData>
    <apparel>
  <hatRenderedFrontOfFace>false</hatRenderedFrontOfFace>
      <bodyPartGroups>
        <li>Torso</li>
        <li>Neck</li>
        <li>Shoulders</li>
        <li>Arms</li>
      </bodyPartGroups>
      <wornGraphicPath>Armor/Kenshi_RagShirt/Armor</wornGraphicPath>
      <layers>
        <li>Middle</li>
      </layers>
    </apparel>
      <colorGenerator Class="ColorGenerator_Options">
  <options>
    <li>
    <weight>5</weight>
    <max>RGBA(1,1,1,1)</max>
    <min>RGBA(0.30,0.30,0.30,1)</min>
    </li>       
  </options>
  </colorGenerator>
  </ThingDef>

<!-- Black Rag Shirt -->

  <ThingDef ParentName="Kenshi_ArmorBaseCloth">
    <defName>Kenshi_RagShirtBlack</defName>
    <label>Black Rag Shirt</label>
    <description>A dark ragged shirt, loosely covering the torso and arms. The stomach is exposed, to make opponent attacks more predictable.</description>
    <graphicData>
      <texPath>Armor/Kenshi_RagShirt_Black/Armor</texPath>
      <graphicClass>Graphic_Single</graphicClass>
    </graphicData>
    <apparel>
  <hatRenderedFrontOfFace>false</hatRenderedFrontOfFace>
      <bodyPartGroups>
        <li>Torso</li>
        <li>Neck</li>
        <li>Shoulders</li>
        <li>Arms</li>
      </bodyPartGroups>
      <wornGraphicPath>Armor/Kenshi_RagShirt_Black/Armor</wornGraphicPath>
      <layers>
        <li>Middle</li>
      </layers>
    </apparel>
      <colorGenerator Class="ColorGenerator_Options">
  <options>
    <li>
    <weight>5</weight>
    <only>(0.1,0.1,0.1)</only>
    </li>       
  </options>
  </colorGenerator>
  </ThingDef>

<!-- Assassin's Rags -->

  <ThingDef ParentName="Kenshi_ArmorBaseLight">
    <defName>Kenshi_AssassinsRags</defName>
    <label>Assassin's Rags</label>
    <description>A ragged cloak and wrappings, covering the torso and arms.</description>
    <graphicData>
      <texPath>Armor/Kenshi_AssassinsRags/Armor</texPath>
      <graphicClass>Graphic_Single</graphicClass>
    </graphicData>
    <apparel>
  <hatRenderedFrontOfFace>false</hatRenderedFrontOfFace>
      <bodyPartGroups>
        <li>Torso</li>
        <li>Neck</li>
        <li>Shoulders</li>
        <li>Arms</li>
      </bodyPartGroups>
      <wornGraphicPath>Armor/Kenshi_AssassinsRags/Armor</wornGraphicPath>
      <layers>
        <li>Middle</li>
      </layers>
    </apparel>
      <colorGenerator Class="ColorGenerator_Options">
  <options>
    <li>
    <weight>5</weight>
    <only>(0.1,0.1,0.1)</only>
    </li>       
  </options>
  </colorGenerator>
  </ThingDef>

<!-- Drifter's Leather Jacket -->

  <ThingDef ParentName="Kenshi_ArmorBaseLight">
    <defName>Kenshi_DrifterLeatherJacket</defName>
    <label>Drifter's Leather Jacket</label>
    <description>A dark leather jacket with one sleeve cut off.</description>
    <graphicData>
      <texPath>Armor/Kenshi_LeatherJacket/Armor</texPath>
      <graphicClass>Graphic_Single</graphicClass>
    </graphicData>
    <apparel>
  <hatRenderedFrontOfFace>false</hatRenderedFrontOfFace>
      <bodyPartGroups>
        <li>Torso</li>
        <li>Neck</li>
        <li>Shoulders</li>
        <li>Arms</li>
      </bodyPartGroups>
      <wornGraphicPath>Armor/Kenshi_LeatherJacket/Armor</wornGraphicPath>
      <layers>
        <li>Middle</li>
      </layers>
    </apparel>
      <colorGenerator Class="ColorGenerator_Options">
  <options>
    <li>
    <weight>5</weight>
    <only>(0.1,0.1,0.1)</only>
    </li>       
  </options>
  </colorGenerator>
  </ThingDef>

<!-- Plate Jacket -->

  <ThingDef ParentName="Kenshi_ArmorBaseMedium">
    <defName>Kenshi_PlateJacket</defName>
    <label>Plate Jacket</label>
    <description>A dark leather jacket with metal plate armor.</description>
    <graphicData>
      <texPath>Armor/Kenshi_PlateJacket/Armor</texPath>
      <graphicClass>Graphic_Single</graphicClass>
    </graphicData>
    <apparel>
  <hatRenderedFrontOfFace>false</hatRenderedFrontOfFace>
      <bodyPartGroups>
        <li>Torso</li>
        <li>Neck</li>
        <li>Shoulders</li>
        <li>Arms</li>
      </bodyPartGroups>
      <wornGraphicPath>Armor/Kenshi_PlateJacket/Armor</wornGraphicPath>
      <layers>
        <li>Middle</li>
        <li>Shell</li>
      </layers>
    </apparel>
      <colorGenerator Class="ColorGenerator_Options">
  <options>
    <li>
    <weight>5</weight>
    <only>(0.1,0.1,0.1)</only>
    </li>       
  </options>
  </colorGenerator>
  </ThingDef>

<!-- Samurai Armor -->

  <ThingDef ParentName="Kenshi_ArmorBaseHeavy">
    <defName>Kenshi_SamuraiArmor</defName>
    <label>Samurai Armor</label>
    <description>Heavy plate armor used by United Cities samurai.</description>
    <graphicData>
      <texPath>Armor/Kenshi_SamuraiArmor/Armor</texPath>
      <graphicClass>Graphic_Single</graphicClass>
    </graphicData>
    <apparel>
  <hatRenderedFrontOfFace>false</hatRenderedFrontOfFace>
      <bodyPartGroups>
        <li>Torso</li>
        <li>Neck</li>
        <li>Shoulders</li>
        <li>Arms</li>
      </bodyPartGroups>
      <wornGraphicPath>Armor/Kenshi_SamuraiArmor/Armor</wornGraphicPath>
      <layers>
        <li>Middle</li>
        <li>Shell</li>
      </layers>
    </apparel>
      <colorGenerator Class="ColorGenerator_Options">
  <options>
    <li>
    <weight>5</weight>
    <only>(0.1,0.1,0.1)</only>
    </li>       
  </options>
  </colorGenerator>
  </ThingDef>

</Defs>