<?xml version="1.0" encoding="utf-8" ?>
<Defs>


<!-- Tier 0 Base: Fabrics -->

  <ThingDef  Name="Kenshi_HatBaseFabric" ParentName="HatMakeableBase" Abstract="True">
    <defName>Kenshi_HatBaseFabric</defName>

    <costStuffCount>25</costStuffCount>
    <stuffCategories>
      <li>Leathery</li>
      <li>Fabric</li>
    </stuffCategories>

    <recipeMaker>
      <workSpeedStat>TailoringSpeed</workSpeedStat>
      <workSkill>Crafting</workSkill>
      <effectWorking>Tailor</effectWorking>
      <soundWorking>Recipe_Tailor</soundWorking>

      <recipeUsers>
        <li>ElectricTailoringBench</li>
        <li>HandTailoringBench</li>
        <li>CraftingSpot</li>
      </recipeUsers>
    </recipeMaker>

		<generateCommonality>0.01</generateCommonality>
		
		<statBases>
			<WorkToMake>1800</WorkToMake>
			<Mass>0.14</Mass>
      <StuffEffectMultiplierArmor>0.2</StuffEffectMultiplierArmor>
      <StuffEffectMultiplierInsulation_Cold>0.10</StuffEffectMultiplierInsulation_Cold>
      <StuffEffectMultiplierInsulation_Heat>0.40</StuffEffectMultiplierInsulation_Heat>
      <EquipDelay>0.8</EquipDelay>
		</statBases>

    <apparel>
      <tags>
        <li>Neolithic</li>
        <li>MedievalMilitary</li>
        <li>IndustrialBasic</li>
      </tags>
      <defaultOutfitTags>
        <li>Worker</li>
      </defaultOutfitTags>
    </apparel>
	<colorGenerator Class="ColorGenerator_Options">
	<options>
		<li>
		<weight>5</weight>
		<max>RGBA(1,1,1,1)</max>
		<min>RGBA(0.30,0.30,0.30,1)</min>
		</li>				
	</options>
	</colorGenerator>
  </ThingDef>

<!-- Tier 0 Base: Straw -->

  <ThingDef  Name="Kenshi_HatBaseStraw" ParentName="HatMakeableBase" Abstract="True">
    <defName>Kenshi_HatBaseStraw</defName>


    <costStuffCount>5</costStuffCount>
    <stuffCategories>
      <li>Leathery</li>
      <li>Fabric</li>
    </stuffCategories>

	<costList>
      <Hay>25</Hay>
    </costList>

    <recipeMaker>
      <recipeUsers>
        <li>ElectricTailoringBench</li>
        <li>HandTailoringBench</li>
        <li>CraftingSpot</li>
      </recipeUsers>
    </recipeMaker>

		<generateCommonality>0.01</generateCommonality>
 
 <statBases>
      <WorkToMake>1000</WorkToMake>
      <Mass>0.11</Mass>
      <Flammability>0.4</Flammability>
      <ArmorRating_Sharp>0.12</ArmorRating_Sharp>
      <ArmorRating_Blunt>0</ArmorRating_Blunt>
      <ArmorRating_Heat>0</ArmorRating_Heat>
      <Insulation_Cold>2</Insulation_Cold>
      <Insulation_Heat>1</Insulation_Heat>
      <EquipDelay>1.0</EquipDelay>
    </statBases>

		<equippedStatOffsets>
			<SocialImpact>0.1</SocialImpact>
		</equippedStatOffsets>

    <apparel>
      <tags>
        <li>Neolithic</li>
        <li>MedievalMilitary</li>
        <li>IndustrialBasic</li>
      </tags>
      <defaultOutfitTags>
        <li>Worker</li>
      </defaultOutfitTags>
    </apparel>

  </ThingDef>

<!-- Tier 0 Base: Wood -->

  <ThingDef  Name="Kenshi_HatBaseWood" ParentName="HatMakeableBase" Abstract="True">
    <defName>Kenshi_HatBaseWood</defName>

    <costStuffCount>30</costStuffCount>
    <stuffCategories>
      <li>Woody</li>
    </stuffCategories>

    <recipeMaker>
      <workSpeedStat>TailoringSpeed</workSpeedStat>
      <workSkill>Crafting</workSkill>
      <effectWorking>Tailor</effectWorking>
      <soundWorking>Recipe_Tailor</soundWorking>

      <recipeUsers>
        <li>ElectricTailoringBench</li>
        <li>HandTailoringBench</li>
      </recipeUsers>
      <skillRequirements>
        <Crafting>4</Crafting>
      </skillRequirements>
    </recipeMaker>

		<generateCommonality>0.01</generateCommonality>

    <statBases>
      <WorkToMake>3000</WorkToMake>
      <MaxHitPoints>100</MaxHitPoints>
      <Mass>1.4</Mass>
      <StuffEffectMultiplierArmor>0.3</StuffEffectMultiplierArmor>
      <StuffEffectMultiplierInsulation_Cold>0.05</StuffEffectMultiplierInsulation_Cold>
      <StuffEffectMultiplierInsulation_Heat>0.05</StuffEffectMultiplierInsulation_Heat>
      <EquipDelay>1.2</EquipDelay>
    </statBases>

    <apparel>
      <tags>
        <li>Neolithic</li>
        <li>MedievalMilitary</li>
        <li>IndustrialBasic</li>
      </tags>
      <defaultOutfitTags>
        <li>Soldier</li>
      </defaultOutfitTags>
    </apparel>
	<colorGenerator Class="ColorGenerator_Options">
	<options>
		<li>
		<weight>5</weight>
		<max>RGBA(1,1,1,1)</max>
		<min>RGBA(0.30,0.30,0.30,1)</min>
		</li>				
	</options>
	</colorGenerator>
  </ThingDef>

<!-- Tier 1 Base: Plate Metal -->

  <ThingDef  Name="Kenshi_HatBaseMetal" ParentName="ArmorHelmetMakeableBase" Abstract="True">
    <defName>Kenshi_HatBaseMetal</defName>

    <costStuffCount>40</costStuffCount>
    <stuffCategories>
      <li>Metallic</li>
      <li>Woody</li>
    </stuffCategories>

     <recipeMaker>
      <recipeUsers>
        <li>ElectricSmithy</li>
        <li>FueledSmithy</li>
      </recipeUsers>
      <skillRequirements>
        <Crafting>5</Crafting>
      </skillRequirements>
    </recipeMaker>

		<generateCommonality>0.01</generateCommonality>
    
    	<statBases>
			<WorkToMake>3200</WorkToMake>
			<MaxHitPoints>100</MaxHitPoints>
			<Mass>2</Mass>
      <StuffEffectMultiplierArmor>0.5</StuffEffectMultiplierArmor>
      <StuffEffectMultiplierInsulation_Cold>0.15</StuffEffectMultiplierInsulation_Cold>
      <StuffEffectMultiplierInsulation_Heat>0</StuffEffectMultiplierInsulation_Heat>
      <EquipDelay>2.5</EquipDelay>
    </statBases>

    <apparel>
      <tags>
        <li>MedievalMilitary</li>
        <li>IndustrialMilitaryBasic</li>
      </tags>
      <defaultOutfitTags>
        <li>Soldier</li>
      </defaultOutfitTags>
    </apparel>
	<colorGenerator Class="ColorGenerator_Options">
	<options>
		<li>
		<weight>5</weight>
		<max>RGBA(1,1,1,1)</max>
    <min>RGBA(0.30,0.30,0.30,1)</min>
		</li>				
	</options>
	</colorGenerator>
  </ThingDef>

<!-- Tier 2 Base: Chain -->

  <ThingDef  Name="Kenshi_HatBaseChain" ParentName="ArmorHelmetMakeableBase" Abstract="True">
    <defName>Kenshi_HatBaseChain</defName>

    <costStuffCount>45</costStuffCount>
    <stuffCategories>
      <li>Metallic</li>
      <li>Woody</li>
    </stuffCategories>

     <recipeMaker>
      <researchPrerequisite>PlateArmor</researchPrerequisite>
      <recipeUsers>
        <li>ElectricSmithy</li>
        <li>FueledSmithy</li>
      </recipeUsers>
      <skillRequirements>
        <Crafting>7</Crafting>
      </skillRequirements>
    </recipeMaker>

		<generateCommonality>0.01</generateCommonality>

	<statBases>
			<WorkToMake>5000</WorkToMake>
			<MaxHitPoints>120</MaxHitPoints>
			<Mass>2.3</Mass>
      <StuffEffectMultiplierArmor>0.6</StuffEffectMultiplierArmor>
      <StuffEffectMultiplierInsulation_Cold>0.12</StuffEffectMultiplierInsulation_Cold>
      <StuffEffectMultiplierInsulation_Heat>0</StuffEffectMultiplierInsulation_Heat>
      <EquipDelay>2.5</EquipDelay>
    </statBases>

    <apparel>
      <tags>
        <li>MedievalMilitary</li>
        <li>IndustrialMilitaryBasic</li>
      </tags>
      <defaultOutfitTags>
        <li>Soldier</li>
      </defaultOutfitTags>
    </apparel>
	<colorGenerator Class="ColorGenerator_Options">
	<options>
		<li>
		<weight>5</weight>
		<max>RGBA(1,1,1,1)</max>
    <min>RGBA(0.30,0.30,0.30,1)</min>
		</li>				
	</options>
	</colorGenerator>
  </ThingDef>

<!-- Cap -->

  <ThingDef ParentName="Kenshi_HatBaseFabric">
    <defName>Kenshi_Cap</defName>
    <label>Cap</label>
    <description>A basic cap with a visor.</description>
    <graphicData>
      <texPath>Hats/Kenshi_Cap/Cap</texPath>
      <graphicClass>Graphic_Single</graphicClass>
    </graphicData>
    <apparel>
	<hatRenderedFrontOfFace>false</hatRenderedFrontOfFace>
      <bodyPartGroups>
        <li>UpperHead</li>
      </bodyPartGroups>
      <wornGraphicPath>Hats/Kenshi_Cap/Cap</wornGraphicPath>
      <layers>
        <li>Overhead</li>
      </layers>
    </apparel>
  </ThingDef>

<!-- Straw Hat -->

  <ThingDef ParentName="Kenshi_HatBaseStraw">
    <defName>Kenshi_StrawHat</defName>
    <label>Straw Hat</label>
    <description>A simple straw hat.</description>
    <graphicData>
      <texPath>Hats/Kenshi_Straw/Cap</texPath>
      <graphicClass>Graphic_Single</graphicClass>
    </graphicData>
    <apparel>
	<hatRenderedFrontOfFace>false</hatRenderedFrontOfFace>
      <bodyPartGroups>
        <li>UpperHead</li>
      </bodyPartGroups>
      <wornGraphicPath>Hats/Kenshi_Straw/Cap</wornGraphicPath>
      <layers>
        <li>Overhead</li>
      </layers>
    </apparel>
  </ThingDef>

<!-- Basket Hat -->

  <ThingDef ParentName="Kenshi_HatBaseStraw">
    <defName>Kenshi_BasketHat</defName>
    <label>Basket Hat</label>
    <description>A straw basket hat. Covers your entire head, but makes you look like a lunatic assassin.</description>
    <graphicData>
      <texPath>Hats/Kenshi_Basket/Cap</texPath>
      <graphicClass>Graphic_Single</graphicClass>
    </graphicData>

	<costList>
      <Hay>40</Hay>
    </costList>

 <statBases>
      <WorkToMake>1200</WorkToMake>
      <Mass>0.14</Mass>
      <Flammability>0.4</Flammability>
      <ArmorRating_Sharp>0.12</ArmorRating_Sharp>
      <ArmorRating_Blunt>0.08</ArmorRating_Blunt>
      <ArmorRating_Heat>0</ArmorRating_Heat>
      <Insulation_Cold>3</Insulation_Cold>
      <Insulation_Heat>3</Insulation_Heat>
      <EquipDelay>1.2</EquipDelay>
    </statBases>

		<equippedStatOffsets>
			<SocialImpact>-0.1</SocialImpact>
		</equippedStatOffsets>

    <apparel>

      <bodyPartGroups>
        <li>FullHead</li>
      </bodyPartGroups>
      <wornGraphicPath>Hats/Kenshi_Basket/Cap</wornGraphicPath>
      <layers>
        <li>Overhead</li>
      </layers>
      <defaultOutfitTags>
        <li>Soldier</li>
      </defaultOutfitTags>
    </apparel>
  </ThingDef>

<!-- Ashlander Stormgoggles -->

  <ThingDef ParentName="Kenshi_HatBaseFabric">
    <defName>Kenshi_GogglesAsh</defName>
    <label>Ashlander Stormgoggles</label>
    <description>Round goggles to protect your eyes from dust and debris.</description>

    <graphicData>
      <texPath>Hats/Kenshi_GogglesAshlander/Cap</texPath>
      <graphicClass>Graphic_Single</graphicClass>
    </graphicData>

    <costStuffCount>25</costStuffCount>
    <stuffCategories>
      <li>Leathery</li>
      <li>Fabric</li>
    </stuffCategories>

    <recipeMaker>
      <workSpeedStat>TailoringSpeed</workSpeedStat>
      <workSkill>Crafting</workSkill>
      <effectWorking>Tailor</effectWorking>
      <soundWorking>Recipe_Tailor</soundWorking>

      
      <recipeUsers>
        <li>ElectricTailoringBench</li>
        <li>HandTailoringBench</li>
        <li>CraftingSpot</li>
      </recipeUsers>
    </recipeMaker>
    <generateCommonality>0.05</generateCommonality>
    <statBases>
          <WorkToMake>1000</WorkToMake>
        <Mass>0.14</Mass>
      <StuffEffectMultiplierArmor>0.3</StuffEffectMultiplierArmor>
      <StuffEffectMultiplierInsulation_Cold>0.05</StuffEffectMultiplierInsulation_Cold>
      <StuffEffectMultiplierInsulation_Heat>0.05</StuffEffectMultiplierInsulation_Heat>
      <EquipDelay>1.2</EquipDelay>
          </statBases>
    <apparel>

      <bodyPartGroups>
        <li>Eyes</li>
      </bodyPartGroups>
      <wornGraphicPath>Hats/Kenshi_GogglesAshlander/Cap</wornGraphicPath>
      <layers>
        <li>Overhead</li>
      </layers>
      <tags>
        <li>MedievalMilitary</li>
      </tags>
      <defaultOutfitTags>
        <li>Worker</li>
      </defaultOutfitTags>
    </apparel>

  </ThingDef>

<!-- Square Goggles -->

  <ThingDef ParentName="Kenshi_HatBaseFabric">
    <defName>Kenshi_GogglesSquare</defName>
    <label>Square Goggles</label>
    <description>Square goggles to protect your eyes from dust and debris.</description>

    <graphicData>
      <texPath>Hats/Kenshi_GogglesSquare/Cap</texPath>
      <graphicClass>Graphic_Single</graphicClass>
    </graphicData>

    <costStuffCount>25</costStuffCount>
    <stuffCategories>
      <li>Leathery</li>
      <li>Fabric</li>
    </stuffCategories>

    <recipeMaker>
      <workSpeedStat>TailoringSpeed</workSpeedStat>
      <workSkill>Crafting</workSkill>
      <effectWorking>Tailor</effectWorking>
      <soundWorking>Recipe_Tailor</soundWorking>

      
      <recipeUsers>
        <li>ElectricTailoringBench</li>
        <li>HandTailoringBench</li>
        <li>CraftingSpot</li>
      </recipeUsers>
    </recipeMaker>
    <generateCommonality>0.05</generateCommonality>
    <statBases>
          <WorkToMake>1000</WorkToMake>
        <Mass>0.14</Mass>
      <StuffEffectMultiplierArmor>0.3</StuffEffectMultiplierArmor>
      <StuffEffectMultiplierInsulation_Cold>0.05</StuffEffectMultiplierInsulation_Cold>
      <StuffEffectMultiplierInsulation_Heat>0.05</StuffEffectMultiplierInsulation_Heat>
      <EquipDelay>1.2</EquipDelay>
                </statBases>
    <apparel>

      <bodyPartGroups>
        <li>Eyes</li>
      </bodyPartGroups>
      <wornGraphicPath>Hats/Kenshi_GogglesSquare/Cap</wornGraphicPath>
      <layers>
        <li>Overhead</li>
      </layers>
      <tags>
        <li>MedievalMilitary</li>
      </tags>
      <defaultOutfitTags>
        <li>Worker</li>
      </defaultOutfitTags>
    </apparel>

  </ThingDef>

<!-- Wool Hat -->

  <ThingDef ParentName="Kenshi_HatBaseFabric">
    <defName>Kenshi_WoolHat</defName>
    <label>Wool Hat</label>
    <description>A basic wool hat.</description>

    <graphicData>
      <texPath>Hats/Kenshi_Wool/Cap</texPath>
      <graphicClass>Graphic_Single</graphicClass>
    </graphicData>

<statBases>
      <WorkToMake>1200</WorkToMake>
      <Mass>0.07</Mass>
      <StuffEffectMultiplierArmor>0.2</StuffEffectMultiplierArmor>
      <StuffEffectMultiplierInsulation_Cold>0.50</StuffEffectMultiplierInsulation_Cold>
      <StuffEffectMultiplierInsulation_Heat>0</StuffEffectMultiplierInsulation_Heat>
      <EquipDelay>0.8</EquipDelay>
    </statBases>

    <apparel>
	<hatRenderedFrontOfFace>false</hatRenderedFrontOfFace>
      <bodyPartGroups>
        <li>UpperHead</li>
      </bodyPartGroups>
      <wornGraphicPath>Hats/Kenshi_Wool/Cap</wornGraphicPath>
      <layers>
        <li>Overhead</li>
      </layers>
      <tags>
        <li>Neolithic</li>
      </tags>
      <defaultOutfitTags>
        <li>Worker</li>
      </defaultOutfitTags>
    </apparel>

    <colorGenerator Class="ColorGenerator_Options">
      <options>
        <li>
          <weight>10</weight>
          <only>(0.33,0.33,0.33,1)</only>
        </li>
        <li>
          <weight>10</weight>
          <only>(0.65,0.65,0.65,1)</only>
        </li>
        <li>
          <weight>6</weight>
          <min>(0.3,0.3,0.3,1)</min>
          <max>(0.5,0.5,0.5,1)</max>
        </li>
        <li>
          <weight>10</weight>
          <only>(0.9,0.9,0.9,1)</only>
        </li>
      </options>
    </colorGenerator>
  </ThingDef>

<!-- Bandana -->

  <ThingDef ParentName="Kenshi_HatBaseFabric">
    <defName>Kenshi_Bandana</defName>
    <label>Loose Bandana</label>
    <description>A bandana worn awkwardly.</description>

    <graphicData>
      <texPath>Hats/Kenshi_Bandana/Cap</texPath>
      <graphicClass>Graphic_Single</graphicClass>
    </graphicData>

    <apparel>
	<hatRenderedFrontOfFace>false</hatRenderedFrontOfFace>
      <bodyPartGroups>
        <li>UpperHead</li>
      </bodyPartGroups>
      <wornGraphicPath>Hats/Kenshi_Bandana/Cap</wornGraphicPath>
      <layers>
        <li>Overhead</li>
      </layers>
      <tags>
        <li>Neolithic</li>
      </tags>
      <defaultOutfitTags>
        <li>Worker</li>
      </defaultOutfitTags>
    </apparel>

  </ThingDef>

<!-- Fog Mask -->

  <ThingDef ParentName="Kenshi_HatBaseMetal">
    <defName>Kenshi_FogMask</defName>
    <label>Fog Mask</label>
    <description>A mask for fog and dust.</description>

    <graphicData>
      <texPath>Hats/Kenshi_FogMask/Cap</texPath>
      <graphicClass>Graphic_Single</graphicClass>
    </graphicData>

    <costStuffCount>25</costStuffCount>
    <stuffCategories>
      <li>Metallic</li>
    </stuffCategories>

    <recipeMaker>
      <workSpeedStat>TailoringSpeed</workSpeedStat>
      <workSkill>Crafting</workSkill>
      <effectWorking>Tailor</effectWorking>
      <soundWorking>Recipe_Tailor</soundWorking>

    
      <recipeUsers>
        <li>ElectricTailoringBench</li>
        <li>HandTailoringBench</li>
        <li>CraftingSpot</li>
      </recipeUsers>
    </recipeMaker>

		<generateCommonality>0.01</generateCommonality>
    <statBases>
	      <WorkToMake>1000</WorkToMake>
	      <Mass>0.14</Mass>
      <StuffEffectMultiplierArmor>0.2</StuffEffectMultiplierArmor>
      <StuffEffectMultiplierInsulation_Cold>0.05</StuffEffectMultiplierInsulation_Cold>
      <StuffEffectMultiplierInsulation_Heat>0.05</StuffEffectMultiplierInsulation_Heat>
      <EquipDelay>1.2</EquipDelay>
          </statBases>
    <apparel>
	<hatRenderedFrontOfFace>false</hatRenderedFrontOfFace>
      <bodyPartGroups>
        <li>FullHead</li>
      </bodyPartGroups>
      <wornGraphicPath>Hats/Kenshi_FogMask/Cap</wornGraphicPath>
      <layers>
        <li>Overhead</li>
      </layers>
      <tags>
        <li>MedievalMilitary</li>
      </tags>
      <defaultOutfitTags>
        <li>Worker</li>
      </defaultOutfitTags>
    </apparel>

  </ThingDef>

<!-- Hachigane -->

  <ThingDef ParentName="ArmorHelmetMakeableBase">
    <defName>Kenshi_Hachigane</defName>
    <label>Hachigane</label>
    <description>A bandana with a metal plate.</description>

    <graphicData>
      <texPath>Hats/Kenshi_Hachigane/Cap</texPath>
      <graphicClass>Graphic_Single</graphicClass>
    </graphicData>

        <costStuffCount>25</costStuffCount>
    <stuffCategories>
      <li>Leathery</li>
      <li>Fabric</li>
    </stuffCategories>
	<costList>
      <Steel>10</Steel>
    </costList>

     <recipeMaker>
      <researchPrerequisite>PlateArmor</researchPrerequisite>
      <recipeUsers>
        <li>ElectricSmithy</li>
        <li>FueledSmithy</li>
      </recipeUsers>
      <skillRequirements>
        <Crafting>6</Crafting>
      </skillRequirements>
    </recipeMaker>

		<generateCommonality>0.01</generateCommonality>
    
    	<statBases>
			<WorkToMake>3200</WorkToMake>
			<MaxHitPoints>100</MaxHitPoints>
			<Mass>2</Mass>
      <StuffEffectMultiplierArmor>0.5</StuffEffectMultiplierArmor>
      <StuffEffectMultiplierInsulation_Cold>0.15</StuffEffectMultiplierInsulation_Cold>
      <StuffEffectMultiplierInsulation_Heat>0</StuffEffectMultiplierInsulation_Heat>
      <EquipDelay>2.5</EquipDelay>
    </statBases>

    <apparel>
      <tags>
        <li>MedievalMilitary</li>
        <li>IndustrialMilitaryBasic</li>
      </tags>
      <defaultOutfitTags>
        <li>Soldier</li>
      </defaultOutfitTags>

	<hatRenderedFrontOfFace>false</hatRenderedFrontOfFace>
      <bodyPartGroups>
        <li>UpperHead</li>
      </bodyPartGroups>
      <wornGraphicPath>Hats/Kenshi_Hachigane/Cap</wornGraphicPath>
      <layers>
        <li>Overhead</li>
      </layers>

    </apparel>

  </ThingDef>

<!-- Ninja Mask -->

  <ThingDef ParentName="Kenshi_HatBaseFabric">
    <defName>Kenshi_NinjaMask</defName>
    <label>Ninja Mask</label>
    <description>A ninja mask worn sideways.</description>

    <graphicData>
      <texPath>Hats/Kenshi_NinjaMask/Cap</texPath>
      <graphicClass>Graphic_Single</graphicClass>
    </graphicData>



    <apparel>
	<hatRenderedFrontOfFace>false</hatRenderedFrontOfFace>
      <bodyPartGroups>
        <li>FullHead</li>
      </bodyPartGroups>
      <wornGraphicPath>Hats/Kenshi_NinjaMask/Cap</wornGraphicPath>
      <layers>
        <li>Overhead</li>
      </layers>
      <tags>
        <li>Neolithic</li>
      </tags>
      <defaultOutfitTags>
        <li>Soldier</li>
      </defaultOutfitTags>
    </apparel>

  </ThingDef>

<!-- Rattan Hat -->

  <ThingDef ParentName="Kenshi_HatBaseWood">
    <defName>Kenshi_Rattan</defName>
    <label>Rattan Hat</label>
    <description>A simple hat.</description>

    <graphicData>
      <texPath>Hats/Kenshi_Rattan/Cap</texPath>
      <graphicClass>Graphic_Single</graphicClass>
    </graphicData>

    <costStuffCount>25</costStuffCount>
    <stuffCategories>
      <li>Woody</li>
    </stuffCategories>

       <recipeMaker>
      <researchPrerequisite>ComplexClothing</researchPrerequisite>
      <workSpeedStat>TailoringSpeed</workSpeedStat>
      <workSkill>Crafting</workSkill>
      <effectWorking>Tailor</effectWorking>
      <soundWorking>Recipe_Tailor</soundWorking>

      
      <recipeUsers>
        <li>ElectricTailoringBench</li>
        <li>HandTailoringBench</li>
      </recipeUsers>
    </recipeMaker>

		<generateCommonality>0.01</generateCommonality>

    <apparel>
	<hatRenderedFrontOfFace>false</hatRenderedFrontOfFace>
      <bodyPartGroups>
        <li>UpperHead</li>
      </bodyPartGroups>
      <wornGraphicPath>Hats/Kenshi_Rattan/Cap</wornGraphicPath>
      <layers>
        <li>Overhead</li>
      </layers>
      <tags>
        <li>Neolithic</li>
      </tags>
      <defaultOutfitTags>
        <li>Worker</li>
      </defaultOutfitTags>
    </apparel>

  </ThingDef>

<!-- Iron Hat -->

  <ThingDef ParentName="Kenshi_HatBaseMetal">
    <defName>Kenshi_IronHat</defName>
    <label>Plate Hat</label>
    <description>A simple round hat made of solid plates. (Iron Hat)</description>

    <graphicData>
      <texPath>Hats/Kenshi_Rattan/Cap</texPath>
      <graphicClass>Graphic_Single</graphicClass>
    </graphicData>

    <costStuffCount>25</costStuffCount>
    <stuffCategories>
      <li>Metallic</li>
    </stuffCategories>

     <recipeMaker>
      <recipeUsers>
        <li>ElectricSmithy</li>
        <li>FueledSmithy</li>
      </recipeUsers>
      <skillRequirements>
        <Crafting>5</Crafting>
      </skillRequirements>
    </recipeMaker>

		<generateCommonality>0.01</generateCommonality>

    <apparel>
	<hatRenderedFrontOfFace>false</hatRenderedFrontOfFace>
      <bodyPartGroups>
        <li>UpperHead</li>
      </bodyPartGroups>
      <wornGraphicPath>Hats/Kenshi_Rattan/Cap</wornGraphicPath>
      <layers>
        <li>Overhead</li>
      </layers>
      <tags>
        <li>Neolithic</li>
      </tags>
      <defaultOutfitTags>
        <li>Worker</li>
      </defaultOutfitTags>
    </apparel>

  </ThingDef>


<!-- Side-Angle Hachigane -->

  <ThingDef ParentName="ArmorHelmetMakeableBase">
    <defName>Kenshi_HachiSide</defName>
    <label>Side-Angle Hachigane</label>
    <description>A hachigane worn sideways.</description>

    <graphicData>
      <texPath>Hats/Kenshi_HachiganeSide/Cap</texPath>
      <graphicClass>Graphic_Single</graphicClass>
    </graphicData>

    <costStuffCount>25</costStuffCount>
    <stuffCategories>
      <li>Leathery</li>
      <li>Fabric</li>
    </stuffCategories>
	<costList>
      <Steel>10</Steel>
    </costList>

     <recipeMaker>
      <researchPrerequisite>PlateArmor</researchPrerequisite>
      <recipeUsers>
        <li>ElectricSmithy</li>
        <li>FueledSmithy</li>
      </recipeUsers>
      <skillRequirements>
        <Crafting>6</Crafting>
      </skillRequirements>
    </recipeMaker>

		<generateCommonality>0.01</generateCommonality>
    
    	<statBases>
			<WorkToMake>3200</WorkToMake>
			<MaxHitPoints>100</MaxHitPoints>
			<Mass>2</Mass>
      <StuffEffectMultiplierArmor>0.5</StuffEffectMultiplierArmor>
      <StuffEffectMultiplierInsulation_Cold>0.15</StuffEffectMultiplierInsulation_Cold>
      <StuffEffectMultiplierInsulation_Heat>0</StuffEffectMultiplierInsulation_Heat>
      <EquipDelay>2.5</EquipDelay>
    </statBases>

    <apparel>
      <tags>
        <li>MedievalMilitary</li>
        <li>IndustrialMilitaryBasic</li>
      </tags>
      <defaultOutfitTags>
        <li>Soldier</li>
      </defaultOutfitTags>

	<hatRenderedFrontOfFace>false</hatRenderedFrontOfFace>
      <bodyPartGroups>
        <li>UpperHead</li>
      </bodyPartGroups>
      <wornGraphicPath>Hats/Kenshi_HachiganeSide/Cap</wornGraphicPath>
      <layers>
        <li>Overhead</li>
      </layers>

    </apparel>

  </ThingDef>

<!-- Tagelmust -->

  <ThingDef ParentName="Kenshi_HatBaseFabric">
    <defName>Kenshi_Tagelmust</defName>
    <label>Tagelmust</label>
    <description>An odd garment that wraps around the head. Good against duststorms.</description>

    <graphicData>
      <texPath>Hats/Kenshi_Tagelmust/Cap</texPath>
      <graphicClass>Graphic_Single</graphicClass>
    </graphicData>

    <apparel>
	<hatRenderedFrontOfFace>false</hatRenderedFrontOfFace>
      <bodyPartGroups>
        <li>FullHead</li>
      </bodyPartGroups>
      <wornGraphicPath>Hats/Kenshi_Tagelmust/Cap</wornGraphicPath>
      <layers>
        <li>Overhead</li>
      </layers>
      <tags>
        <li>Neolithic</li>
      </tags>
      <defaultOutfitTags>
        <li>Worker</li>
      </defaultOutfitTags>
    </apparel>

  </ThingDef>

<!-- Tricorn -->

  <ThingDef ParentName="Kenshi_HatBaseFabric">
    <defName>Kenshi_Tricorn</defName>
    <label>Tricorn Hat</label>
    <description>A privateer's hat.</description>

    <graphicData>
      <texPath>Hats/Kenshi_Tricorn/Cap</texPath>
      <graphicClass>Graphic_Single</graphicClass>
    </graphicData>


    <apparel>
	<hatRenderedFrontOfFace>false</hatRenderedFrontOfFace>
      <bodyPartGroups>
        <li>UpperHead</li>
      </bodyPartGroups>
      <wornGraphicPath>Hats/Kenshi_Tricorn/Cap</wornGraphicPath>
      <layers>
        <li>Overhead</li>
      </layers>
      <tags>
        <li>Neolithic</li>
      </tags>
      <defaultOutfitTags>
        <li>Worker</li>
      </defaultOutfitTags>
    </apparel>

  </ThingDef>

<!-- Turban -->

  <ThingDef ParentName="Kenshi_HatBaseFabric">
    <defName>Kenshi_Turban</defName>
    <label>Turban</label>
    <description>A desert-dweller's headpiece.</description>

    <graphicData>
      <texPath>Hats/Kenshi_Turban/Cap</texPath>
      <graphicClass>Graphic_Single</graphicClass>
    </graphicData>

    <apparel>
	<hatRenderedFrontOfFace>false</hatRenderedFrontOfFace>
      <bodyPartGroups>
        <li>UpperHead</li>
      </bodyPartGroups>
      <wornGraphicPath>Hats/Kenshi_Turban/Cap</wornGraphicPath>
      <layers>
        <li>Overhead</li>
      </layers>
      <tags>
        <li>Neolithic</li>
      </tags>
      <defaultOutfitTags>
        <li>Worker</li>
      </defaultOutfitTags>
    </apparel>

  </ThingDef>

<!-- Armoured Face Plates -->

  <ThingDef ParentName="Kenshi_HatBaseMetal">
    <defName>Kenshi_ArmorFace</defName>
    <label>Armoured Face Plates</label>
    <description>A mask made of metal plates.</description>

    <graphicData>
      <texPath>Hats/Kenshi_ArmorFace/Cap</texPath>
      <graphicClass>Graphic_Single</graphicClass>
    </graphicData>


		<generateCommonality>0.01</generateCommonality>

    <apparel>
	<hatRenderedFrontOfFace>false</hatRenderedFrontOfFace>
      <bodyPartGroups>
      	<li>FullHead</li>
      </bodyPartGroups>
      <wornGraphicPath>Hats/Kenshi_ArmorFace/Cap</wornGraphicPath>
      <layers>
        <li>Overhead</li>
      </layers>

    </apparel>

  </ThingDef>

<!-- Armoured Hood -->

  <ThingDef ParentName="Kenshi_HatBaseChain">
    <defName>Kenshi_ArmorHood</defName>
    <label>Armoured Hood</label>
    <description>A chain hood with an armoured face mask.</description>

    <graphicData>
      <texPath>Hats/Kenshi_ArmorHood/Cap</texPath>
      <graphicClass>Graphic_Single</graphicClass>
    </graphicData>


		<generateCommonality>0.01</generateCommonality>

    <apparel>
	<hatRenderedFrontOfFace>false</hatRenderedFrontOfFace>
      <bodyPartGroups>
        <li>FullHead</li>
      </bodyPartGroups>
      <wornGraphicPath>Hats/Kenshi_ArmorHood/Cap</wornGraphicPath>
      <layers>
        <li>Overhead</li>
      </layers>

    </apparel>

  </ThingDef>

<!-- Flared Helmet -->

  <ThingDef ParentName="Kenshi_HatBaseMetal">
    <defName>Kenshi_FlaredHelmet</defName>
    <label>Flared Helmet</label>
    <description>A helmet made of flared metal plates to deflect blows.</description>

    <graphicData>
      <texPath>Hats/Kenshi_Flared/Cap</texPath>
      <graphicClass>Graphic_Single</graphicClass>
    </graphicData>


		<generateCommonality>0.01</generateCommonality>

    <apparel>
	<hatRenderedFrontOfFace>false</hatRenderedFrontOfFace>
      <bodyPartGroups>
        <li>FullHead</li>
      </bodyPartGroups>
      <wornGraphicPath>Hats/Kenshi_Flared/Cap</wornGraphicPath>
      <layers>
        <li>Overhead</li>
      </layers>

    </apparel>

  </ThingDef>

<!-- Karuta Zukin -->

  <ThingDef ParentName="Kenshi_HatBaseChain">
    <defName>Kenshi_KarutaZukin</defName>
    <label>Karuta Zukin</label>
    <description>A chain hood with inlaid metal plates.</description>

    <graphicData>
      <texPath>Hats/Kenshi_Karuta/Cap</texPath>
      <graphicClass>Graphic_Single</graphicClass>
    </graphicData>


		<generateCommonality>0.01</generateCommonality>

    <apparel>
	<hatRenderedFrontOfFace>false</hatRenderedFrontOfFace>
      <bodyPartGroups>
        <li>FullHead</li>
      </bodyPartGroups>
      <wornGraphicPath>Hats/Kenshi_Karuta/Cap</wornGraphicPath>
      <layers>
        <li>Overhead</li>
      </layers>

    </apparel>

  </ThingDef>

<!-- Kusari Zukin -->

  <ThingDef ParentName="Kenshi_HatBaseChain">
    <defName>Kenshi_KusariZukin</defName>
    <label>Kusari Zukin</label>
    <description>A chain hood.</description>

    <graphicData>
      <texPath>Hats/Kenshi_Kusari/Cap</texPath>
      <graphicClass>Graphic_Single</graphicClass>
    </graphicData>

		<generateCommonality>0.01</generateCommonality>

    <apparel>
	<hatRenderedFrontOfFace>false</hatRenderedFrontOfFace>
      <bodyPartGroups>
        <li>FullHead</li>
      </bodyPartGroups>
      <wornGraphicPath>Hats/Kenshi_Kusari/Cap</wornGraphicPath>
      <layers>
        <li>Overhead</li>
      </layers>

    </apparel>

  </ThingDef>

<!-- Masked Helmet -->

  <ThingDef ParentName="Kenshi_HatBaseMetal">
    <defName>Kenshi_MaskedHelmet</defName>
    <label>Masked Helmet</label>
    <description>A metal plated helmet with a solid mask.</description>

    <graphicData>
      <texPath>Hats/Kenshi_MaskedHelmet/Cap</texPath>
      <graphicClass>Graphic_Single</graphicClass>
    </graphicData>

		<generateCommonality>0.01</generateCommonality>

    <apparel>
	<hatRenderedFrontOfFace>false</hatRenderedFrontOfFace>
      <bodyPartGroups>
        <li>FullHead</li>
      </bodyPartGroups>
      <wornGraphicPath>Hats/Kenshi_MaskedHelmet/Cap</wornGraphicPath>
      <layers>
        <li>Overhead</li>
      </layers>

    </apparel>

  </ThingDef>

  <!-- Police Helmet -->

  <ThingDef ParentName="Kenshi_HatBaseMetal">
    <defName>Kenshi_PoliceHelmet</defName>
    <label>Police Helmet</label>
    <description>A metal plated helmet with a mesh faceguard.</description>

    <graphicData>
      <texPath>Hats/Kenshi_PoliceHelmet/Cap</texPath>
      <graphicClass>Graphic_Single</graphicClass>
    </graphicData>

    <costStuffCount>25</costStuffCount>
    <stuffCategories>
      <li>Metallic</li>
    </stuffCategories>

      <recipeMaker>
      <recipeUsers>
        <li>ElectricSmithy</li>
        <li>FueledSmithy</li>
      </recipeUsers>
      <skillRequirements>
        <Crafting>5</Crafting>
      </skillRequirements>
    </recipeMaker>

    <generateCommonality>0.01</generateCommonality>

    <apparel>

      <bodyPartGroups>
        <li>FullHead</li>
      </bodyPartGroups>
      <wornGraphicPath>Hats/Kenshi_PoliceHelmet/Cap</wornGraphicPath>
      <layers>
        <li>Overhead</li>
      </layers>

    </apparel>
  </ThingDef>

  <!-- Visored Helmet -->

  <ThingDef ParentName="Kenshi_HatBaseMetal">
    <defName>Kenshi_VisoredHelmet</defName>
    <label>Visored Helmet</label>
    <description>A metal plate helmet with a solid visor.</description>

    <graphicData>
      <texPath>Hats/Kenshi_VisoredHelmet/Cap</texPath>
      <graphicClass>Graphic_Single</graphicClass>
    </graphicData>

    <generateCommonality>0.01</generateCommonality>

    <apparel>

      <bodyPartGroups>
        <li>FullHead</li>
      </bodyPartGroups>
      <wornGraphicPath>Hats/Kenshi_VisoredHelmet/Cap</wornGraphicPath>
      <layers>
        <li>Overhead</li>
      </layers>

    </apparel>

  </ThingDef>

  <!-- Bucket Zukin -->

  <ThingDef ParentName="Kenshi_HatBaseChain">
    <defName>Kenshi_BucketHelmet</defName>
    <label>Bucket Zukin</label>
    <description>A standard Holy Army helmet.</description>

    <graphicData>
      <texPath>Hats/Kenshi_Bucket/Cap</texPath>
      <graphicClass>Graphic_Single</graphicClass>
    </graphicData>

    <costStuffCount>25</costStuffCount>
    <stuffCategories>
      <li>Metallic</li>
    </stuffCategories>

    <generateCommonality>0.01</generateCommonality>

    <apparel>

      <bodyPartGroups>
        <li>FullHead</li>
      </bodyPartGroups>
      <wornGraphicPath>Hats/Kenshi_Bucket/Cap</wornGraphicPath>
      <layers>
        <li>Overhead</li>
      </layers>

    </apparel>

  </ThingDef>

  <!-- Crab Helmet -->

  <ThingDef ParentName="Kenshi_HatBaseMetal">
    <defName>Kenshi_CrabHelmet</defName>
    <label>Crab Helmet</label>
    <description>A full metal helmet used by the Crab Raiders.</description>

    <graphicData>
      <texPath>Hats/Kenshi_CrabHelm/Cap</texPath>
      <graphicClass>Graphic_Single</graphicClass>
    </graphicData>

    <costStuffCount>25</costStuffCount>
    <stuffCategories>
      <li>Metallic</li>
    </stuffCategories>

    <generateCommonality>0.01</generateCommonality>

    <apparel>

      <bodyPartGroups>
        <li>FullHead</li>
      </bodyPartGroups>
      <wornGraphicPath>Hats/Kenshi_CrabHelm/Cap</wornGraphicPath>
      <layers>
        <li>Overhead</li>
      </layers>

    </apparel>

  </ThingDef>

  <!-- Paladin's Heavy Hachigane -->

  <ThingDef ParentName="Kenshi_HatBaseChain">
    <defName>Kenshi_PaladinHachigane</defName>
    <label>Paladin's Heavy Hachigane</label>
    <description>A Holy Nation paladin's helm.</description>

    <graphicData>
      <texPath>Hats/Kenshi_PaladinHachigane/Cap</texPath>
      <graphicClass>Graphic_Single</graphicClass>
    </graphicData>

    <costStuffCount>25</costStuffCount>
    <stuffCategories>
      <li>Metallic</li>
    </stuffCategories>

    <generateCommonality>0.01</generateCommonality>

    <apparel>

      <bodyPartGroups>
        <li>FullHead</li>
      </bodyPartGroups>
      <wornGraphicPath>Hats/Kenshi_PaladinHachigane/Cap</wornGraphicPath>
      <layers>
        <li>Overhead</li>
      </layers>

    </apparel>

  </ThingDef>

    <!-- Samurai Helmet -->

  <ThingDef ParentName="Kenshi_HatBaseMetal">
    <defName>Kenshi_SamuraiHelmet</defName>
    <label>Samurai Helmet</label>
    <description>Heavy-duty samurai helm.</description>

    <graphicData>
      <texPath>Hats/Kenshi_Samurai/Cap</texPath>
      <graphicClass>Graphic_Single</graphicClass>
    </graphicData>

    <costStuffCount>25</costStuffCount>
    <stuffCategories>
      <li>Metallic</li>
    </stuffCategories>

    <generateCommonality>0.01</generateCommonality>

    <apparel>

      <bodyPartGroups>
        <li>FullHead</li>
      </bodyPartGroups>
      <wornGraphicPath>Hats/Kenshi_Samurai/Cap</wornGraphicPath>
      <layers>
        <li>Overhead</li>
      </layers>

    </apparel>

  </ThingDef>

    <!-- Spiked Helmet -->

  <ThingDef ParentName="Kenshi_HatBaseMetal">
    <defName>Kenshi_SpikedHelmet</defName>
    <label>Spiked Helmet</label>
    <description>A bandit's helm, crudely crafted with spikes and scrap metal.</description>

    <graphicData>
      <texPath>Hats/Kenshi_SpikedHelmet/Cap</texPath>
      <graphicClass>Graphic_Single</graphicClass>
    </graphicData>

    <generateCommonality>0.01</generateCommonality>

    <apparel>

      <bodyPartGroups>
        <li>FullHead</li>
      </bodyPartGroups>
      <wornGraphicPath>Hats/Kenshi_SpikedHelmet/Cap</wornGraphicPath>
      <layers>
        <li>Overhead</li>
      </layers>

    </apparel>

  </ThingDef>

    <!-- Tin Can -->

  <ThingDef ParentName="Kenshi_HatBaseMetal">
    <defName>Kenshi_TinCan</defName>
    <label>"Tin Can" Helmet</label>
    <description>A low-cost heavy-duty helm.</description>

    <graphicData>
      <texPath>Hats/Kenshi_TinCan/Cap</texPath>
      <graphicClass>Graphic_Single</graphicClass>
    </graphicData>

    <generateCommonality>0.01</generateCommonality>

    <apparel>

      <bodyPartGroups>
        <li>FullHead</li>
      </bodyPartGroups>
      <wornGraphicPath>Hats/Kenshi_TinCan/Cap</wornGraphicPath>
      <layers>
        <li>Overhead</li>
      </layers>

    </apparel>

  </ThingDef>

    <!-- Sandogasa -->

  <ThingDef ParentName="Kenshi_HatBaseStraw">
    <defName>Kenshi_Sandogasa</defName>
    <label>Sandogasa</label>
    <description>A curved straw hat to block sunlight.</description>

    <graphicData>
      <texPath>Hats/Kenshi_Sandogasa/Cap</texPath>
      <graphicClass>Graphic_Single</graphicClass>
    </graphicData>

    <generateCommonality>0.01</generateCommonality>

    <apparel>

      <bodyPartGroups>
        <li>UpperHead</li>
      </bodyPartGroups>
      <wornGraphicPath>Hats/Kenshi_Sandogasa/Cap</wornGraphicPath>
      <layers>
        <li>Overhead</li>
      </layers>
      <tags>
        <li>Neolithic</li>
      </tags>
      <defaultOutfitTags>
        <li>Worker</li>
      </defaultOutfitTags>
    </apparel>

  </ThingDef>


</Defs>