﻿<?xml version="1.0" encoding="utf-8"?>
<Defs>
  <PawnKindDef>
    <defName>HiverPlayerPrince</defName>
    <race>Kenshi_Hiver_Prince</race>
    <combatPower>30</combatPower>
    <isFighter>false</isFighter>
    <apparelIgnoreSeasons>true</apparelIgnoreSeasons>
    <forceNormalGearQuality>true</forceNormalGearQuality>
    <label>hiver </label>
    <defaultFactionType>PlayerTribe</defaultFactionType>
    <!--backstoryCategories>
      <li>HiveBackstoryFree</li>
    </backstoryCategories-->
        <backstoryFiltersOverride>
        <li>
            <categories>
                <li>HiveBackstoryFree</li>
            </categories>
        </li>
    </backstoryFiltersOverride>
    <chemicalAddictionChance>0.05</chemicalAddictionChance>
    <apparelTags>
      <li>Neolithic</li>
    </apparelTags>
    <apparelMoney>
      <min>0</min>
      <max>200</max>
    </apparelMoney>
    <backstoryCryptosleepCommonality>0</backstoryCryptosleepCommonality>
    <techHediffsMoney>
      <min>50</min>
      <max>50</max>
    </techHediffsMoney>
    <techHediffsTags>
      <li>Poor</li>
    </techHediffsTags>
    <techHediffsChance>0.02</techHediffsChance>
  </PawnKindDef>

  <PawnKindDef>
    <defName>HiverPlayerSoldier</defName>
    <race>Kenshi_Hiver_Soldier</race>
    <combatPower>30</combatPower>
    <isFighter>false</isFighter>
    <apparelIgnoreSeasons>true</apparelIgnoreSeasons>
    <forceNormalGearQuality>true</forceNormalGearQuality>
    <label>hiver </label>
    <defaultFactionType>PlayerTribe</defaultFactionType>
    <!--backstoryCategories>
      <li>HiveBackstoryFree</li>
    </backstoryCategories-->
        <backstoryFiltersOverride>
        <li>
            <categories>
                <li>HiveBackstoryFree</li>
            </categories>
        </li>
    </backstoryFiltersOverride>
    <chemicalAddictionChance>0.05</chemicalAddictionChance>
    <apparelTags>
      <li>Neolithic</li>
    </apparelTags>
    <apparelMoney>
      <min>0</min>
      <max>200</max>
    </apparelMoney>
    <backstoryCryptosleepCommonality>0</backstoryCryptosleepCommonality>
    <techHediffsMoney>
      <min>50</min>
      <max>50</max>
    </techHediffsMoney>
    <techHediffsTags>
      <li>Poor</li>
    </techHediffsTags>
    <techHediffsChance>0.02</techHediffsChance>
  </PawnKindDef>

    <PawnKindDef>
    <defName>HiverPlayerWorker</defName>
    <race>Kenshi_Hiver_Worker</race>
    <combatPower>30</combatPower>
    <isFighter>false</isFighter>
    <apparelIgnoreSeasons>true</apparelIgnoreSeasons>
    <forceNormalGearQuality>true</forceNormalGearQuality>
    <label>hiver </label>
    <defaultFactionType>PlayerTribe</defaultFactionType>
    <!--backstoryCategories>
      <li>Tribal</li>
    </backstoryCategories-->
        <backstoryFiltersOverride>
        <li>
            <categories>
                <li>HiveBackstoryFree</li>
            </categories>
        </li>
    </backstoryFiltersOverride>
    <chemicalAddictionChance>0.05</chemicalAddictionChance>
    <apparelTags>
      <li>Neolithic</li>
    </apparelTags>
    <apparelMoney>
      <min>0</min>
      <max>200</max>
    </apparelMoney>
    <backstoryCryptosleepCommonality>0</backstoryCryptosleepCommonality>
    <techHediffsMoney>
      <min>50</min>
      <max>50</max>
    </techHediffsMoney>
    <techHediffsTags>
      <li>Poor</li>
    </techHediffsTags>
    <techHediffsChance>0.02</techHediffsChance>
  </PawnKindDef>

<!--Backstories.................................................................................-->

<AlienRace.BackstoryDef>
    <defName>HiveStandardBackground</defName>
    <title>Hiveborn</title>
    <titleShort>Hiveborn</titleShort>
    <baseDescription>This hiver was born from a Hive Queen's dispenser unit, and raised as part of its hive mind. However, the hivemind lost its grip, and this hiver found itself hiveless, driven out by its brethren.</baseDescription>
    <slot>Childhood</slot>
    <spawnCategories>
      <li>HiveBackstoryFree</li>
    </spawnCategories>
    <bodyTypeGlobal>Hulk</bodyTypeGlobal>
</AlienRace.BackstoryDef>

<AlienRace.BackstoryDef>
    <defName>HiveStandardBackgroundAdult</defName>
    <title>Aimless</title>
    <titleShort>Aimless</titleShort>
    <baseDescription>This hiver was chased out of its hive, and wandered aimlessly for some time.</baseDescription>
    <slot>Adulthood</slot>
    <spawnCategories>
      <li>HiveBackstoryFree</li>
    </spawnCategories>
    <bodyTypeGlobal>Hulk</bodyTypeGlobal>
</AlienRace.BackstoryDef>

<AlienRace.BackstoryDef>
    <defName>HiveStandardBackgroundAdult1</defName>
    <title>Escaped Slave</title>
    <titleShort>EscapedSlave</titleShort>
    <baseDescription>This hiver was captured and made a slave. However, it escaped and went into hiding.</baseDescription>
    <slot>Adulthood</slot>
    <spawnCategories>
      <li>HiveBackstoryFree</li>
    </spawnCategories>
    <bodyTypeGlobal>Hulk</bodyTypeGlobal>
        <skillGains>
      <li>
        <defName>Social</defName>
        <amount>-3</amount>
      </li>
      <li>
        <defName>Mining</defName>
        <amount>4</amount>
      </li>
    </skillGains>
</AlienRace.BackstoryDef>

<AlienRace.BackstoryDef>
    <defName>HiveStandardBackgroundAdult2</defName>
    <title>Bartender</title>
    <titleShort>Bartender</titleShort>
    <baseDescription>This hiver found a new home in a city's bar, mixing drinks and conversing with travelers.</baseDescription>
    <slot>Adulthood</slot>
    <spawnCategories>
      <li>HiveBackstoryFree</li>
    </spawnCategories>
    <bodyTypeGlobal>Hulk</bodyTypeGlobal>
        <skillGains>
      <li>
        <defName>Social</defName>
        <amount>3</amount>
      </li>
      <li>
        <defName>Artistic</defName>
        <amount>2</amount>
      </li>
    </skillGains>
</AlienRace.BackstoryDef>

<AlienRace.BackstoryDef>
    <defName>HiveStandardBackgroundAdult3</defName>
    <title>Folk Hero</title>
    <titleShort>FolkHero</titleShort>
    <baseDescription>This hiver made a name for itself by attacking bandits and anti-hiver groups.</baseDescription>
    <slot>Adulthood</slot>
    <spawnCategories>
      <li>HiveBackstoryFree</li>
    </spawnCategories>
    <bodyTypeGlobal>Hulk</bodyTypeGlobal>
        <skillGains>
      <li>
        <defName>Social</defName>
        <amount>2</amount>
      </li>
      <li>
        <defName>Shooting</defName>
        <amount>3</amount>
      </li>
    </skillGains>
</AlienRace.BackstoryDef>

<AlienRace.BackstoryDef>
    <defName>HiveStandardBackgroundAdult4</defName>
    <title>Martial Artist</title>
    <titleShort>MartialArtist</titleShort>
    <baseDescription>This hiver trained in combat and became a nomadic martial artist.</baseDescription>
    <slot>Adulthood</slot>
    <spawnCategories>
      <li>HiveBackstoryFree</li>
    </spawnCategories>
    <bodyTypeGlobal>Hulk</bodyTypeGlobal>
        <skillGains>
      <li>
        <defName>Melee</defName>
        <amount>4</amount>
      </li>
    </skillGains>
</AlienRace.BackstoryDef>

<AlienRace.BackstoryDef>
    <defName>HiveStandardBackgroundAdult5</defName>
    <title>Shunned</title>
    <titleShort>Shunned</titleShort>
    <baseDescription>This hiver found itself in a land devoid of other hivers, and was shunned and feared by its inhabitants. It still has trouble speaking to other people.</baseDescription>
    <slot>Adulthood</slot>
    <spawnCategories>
      <li>HiveBackstoryFree</li>
    </spawnCategories>
    <bodyTypeGlobal>Hulk</bodyTypeGlobal>
    <skillGains>
      <li>
        <defName>Social</defName>
        <amount>-3</amount>
      </li>
    </skillGains>
</AlienRace.BackstoryDef>

<AlienRace.BackstoryDef>
    <defName>HiveStandardBackgroundAdult6</defName>
    <title>Heretic</title>
    <titleShort>Heretic</titleShort>
    <baseDescription>This hiver was discovered by hiver-hating extremists, and helped organize a rebellion against them.</baseDescription>
    <slot>Adulthood</slot>
    <spawnCategories>
      <li>HiveBackstoryFree</li>
    </spawnCategories>
    <bodyTypeGlobal>Hulk</bodyTypeGlobal>
    <skillGains>
      <li>
        <defName>Social</defName>
        <amount>3</amount>
      </li>
    </skillGains>
</AlienRace.BackstoryDef>

<AlienRace.BackstoryDef>
    <defName>HiveStandardBackgroundAdult7</defName>
    <title>Dazed</title>
    <titleShort>Dazed</titleShort>
    <baseDescription>Its mind blown away by a hiveless existence, this hiver wandered in a daze before finding itself in a land alien to it.</baseDescription>
    <slot>Adulthood</slot>
    <spawnCategories>
      <li>HiveBackstoryFree</li>
    </spawnCategories>
    <bodyTypeGlobal>Hulk</bodyTypeGlobal>
        <skillGains>
      <li>
        <defName>Social</defName>
        <amount>-2</amount>
      </li>
    </skillGains>
</AlienRace.BackstoryDef>

<AlienRace.BackstoryDef>
    <defName>HiveStandardBackgroundAdult8</defName>
    <title>Tinkerer</title>
    <titleShort>Tinkerer</titleShort>
    <baseDescription>Drawing from its experiences in the hive, this hiver found a new life building machines and prosthetics.</baseDescription>
    <slot>Adulthood</slot>
    <spawnCategories>
      <li>HiveBackstoryFree</li>
    </spawnCategories>
    <bodyTypeGlobal>Hulk</bodyTypeGlobal>
        <skillGains>
      <li>
        <defName>Crafting</defName>
        <amount>4</amount>
      </li>
      <li>
        <defName>Medicine</defName>
        <amount>3</amount>
      </li>
    </skillGains>
</AlienRace.BackstoryDef>

<AlienRace.BackstoryDef>
    <defName>HiveStandardBackgroundAdult9</defName>
    <title>Angler</title>
    <titleShort>Angler</titleShort>
    <baseDescription>This hiver found solace as a fisherman, always seeking out the next big catch.</baseDescription>
    <slot>Adulthood</slot>
    <spawnCategories>
      <li>HiveBackstoryFree</li>
    </spawnCategories>
    <bodyTypeGlobal>Hulk</bodyTypeGlobal>
        <skillGains>
      <li>
        <defName>Animals</defName>
        <amount>4</amount>
      </li>
    </skillGains>
</AlienRace.BackstoryDef>

<AlienRace.BackstoryDef>
    <defName>HiveStandardBackgroundAdult10</defName>
    <title>Colony Founder</title>
    <titleShort>Founder</titleShort>
    <baseDescription>This hiver travelled the world, searching for a new home. It finally chose to build one itself, and became a colony founder.</baseDescription>
    <slot>Adulthood</slot>
    <spawnCategories>
      <li>HiveBackstoryFree</li>
    </spawnCategories>
    <bodyTypeGlobal>Hulk</bodyTypeGlobal>
    <skillGains>
      <li>
        <defName>Construction</defName>
        <amount>3</amount>
      </li>
    </skillGains>
</AlienRace.BackstoryDef>

</Defs>