﻿<?xml version="1.0" encoding="utf-8"?>
<Defs>

  <LifeStageDef>
    <defName>SkeletonAdultStage</defName>
    <label>Ancient</label>
    <visible>false</visible>
    <reproductive>false</reproductive>
  </LifeStageDef>

<AlienRace.ThingDef_AlienRace ParentName="BasePawn">
    <defName>Kenshi_Skeleton</defName>
    <label>skeleton</label>
    
    <description>A race of ancient bipedal robots.</description>
        
    <statBases>
      <PsychicSensitivity>1.0</PsychicSensitivity>
      <ToxicSensitivity>1.0</ToxicSensitivity>
      <ComfyTemperatureMin>-100</ComfyTemperatureMin>
      <ComfyTemperatureMax>250</ComfyTemperatureMax>
      <LeatherAmount>0</LeatherAmount>
      <MeatAmount>0</MeatAmount>
      <MarketValue>1500</MarketValue>
      <MoveSpeed>4.61</MoveSpeed>
      <Flammability>0</Flammability>
      <CarryingCapacity>75</CarryingCapacity>
      <MentalBreakThreshold>0.01</MentalBreakThreshold>
      <ResearchSpeed>1.25</ResearchSpeed>
      <MiningSpeed>0.5</MiningSpeed>
      <SocialImpact>0.7</SocialImpact>
      <PlantWorkSpeed>0.5</PlantWorkSpeed>
      <PlantHarvestYield>1.0</PlantHarvestYield>
      <ConstructionSpeed>1.25</ConstructionSpeed>
      <ArmorRating_Blunt>0.2</ArmorRating_Blunt>
      <ArmorRating_Sharp>0.25</ArmorRating_Sharp>
    </statBases>
    <tools>
      <li>
        <label>left fist</label>
        <capacities>
          <li>Blunt</li>
        </capacities>
        <power>8.2</power>
        <cooldownTime>2</cooldownTime>
        <linkedBodyPartsGroup>LeftHand</linkedBodyPartsGroup>
        <surpriseAttack>
          <extraMeleeDamages>
            <li>
              <def>Stun</def>
              <amount>14</amount>
            </li>
          </extraMeleeDamages>
        </surpriseAttack>
      </li>
      <li>
        <label>right fist</label>
        <capacities>
          <li>Blunt</li>
        </capacities>
        <power>8.2</power>
        <cooldownTime>2</cooldownTime>
        <linkedBodyPartsGroup>RightHand</linkedBodyPartsGroup>
        <surpriseAttack>
          <extraMeleeDamages>
            <li>
              <def>Stun</def>
              <amount>14</amount>
            </li>
          </extraMeleeDamages>
        </surpriseAttack>
      </li>
      <li>
        <label>head</label>
        <capacities>
          <li>Blunt</li>
        </capacities>
        <power>5</power>
        <cooldownTime>2</cooldownTime>
        <linkedBodyPartsGroup>HeadAttackTool</linkedBodyPartsGroup>
        <ensureLinkedBodyPartsGroupAlwaysUsable>true</ensureLinkedBodyPartsGroupAlwaysUsable>
        <chanceFactor>0.2</chanceFactor>
      </li>
    </tools>

<alienRace>

<generalSettings>
    <humanRecipeImport>true</humanRecipeImport>
    <alienPartGenerator>
    <aliencrowntypes>
      <li>Average_Normal</li>
      <li>P4</li>
      <li>Screamer</li>
      <li>Soldierbot</li>
     </aliencrowntypes>
    <alienbodytypes>
      <li>Male</li>
    </alienbodytypes>
    <useGenderedHeads>false</useGenderedHeads>
    <useGenderedBodies>false</useGenderedBodies>
    <colorChannels>
      <li>
        <name>skin</name>
        <first Class="ColorGenerator_Options">
            <options>
                <li>
                    <weight>10</weight>
                    <only>RGBA(1.0,1.0,1.0,1)</only>
                </li>
            </options>
        </first>
      </li>
    </colorChannels>
    </alienPartGenerator>
    
    <immuneToAge>true</immuneToAge>

    <factionRelations>
  <li>
                    <factions>
                       <li>KenshiSkeletonFaction</li>
                    </factions>
                    <goodwill>
                       <min>-100</min>
                       <max>100</max>
                    </goodwill>
        </li>              
    </factionRelations>

    <maleGenderProbability>1.0</maleGenderProbability>

    <chemicalSettings>
    </chemicalSettings>
    

    <forcedRaceTraitEntries>
    </forcedRaceTraitEntries>


</generalSettings>    


<graphicPaths>
    <li>
  <body>Races/Kenshi_Skeleton/Body/</body>
        <head>Races/Kenshi_Skeleton/Head/</head>
    </li>
</graphicPaths>


<hairSettings>
    <hasHair>false</hasHair>
</hairSettings>



<relationSettings>
            <relationChanceModifierChild>1</relationChanceModifierChild>
            <relationChanceModifierExLover>1</relationChanceModifierExLover>
            <relationChanceModifierExSpouse>1</relationChanceModifierExSpouse>
            <relationChanceModifierFiance>1</relationChanceModifierFiance>
            <relationChanceModifierLover>1</relationChanceModifierLover>
            <relationChanceModifierParent>1</relationChanceModifierParent>
            <relationChanceModifierSibling>1</relationChanceModifierSibling>
            <relationChanceModifierSpouse>1</relationChanceModifierSpouse>
</relationSettings>
       

 <thoughtSettings>
    <cannotReceiveThoughts>
      <li>NeedFood</li>
      <li>AteRawFood</li>
      <li>AteKibble</li>
      <li>AteCorpse</li>
      <li>Naked</li>
    </cannotReceiveThoughts>
    
    <ateThoughtSpecific>
    </ateThoughtSpecific>

    <replacerList>
    </replacerList>

    
</thoughtSettings>


<raceRestriction>
</raceRestriction>


</alienRace>
    
<race>
      <fleshType>Artificial</fleshType>
      <thinkTreeMain>Humanlike</thinkTreeMain>
      <nameGenerator>NamerPersonKenshiSkeleton</nameGenerator>
      <thinkTreeConstant>HumanlikeConstant</thinkTreeConstant>
      <intelligence>Humanlike</intelligence>
      <makesFootprints>true</makesFootprints>
      <lifeExpectancy>10000</lifeExpectancy>
      <bloodDef>KenshiFilthCoolant</bloodDef>
      <leatherDef>Leather_Plain</leatherDef>
      <nameCategory>HumanStandard</nameCategory>
      <body>KenshiSkeletonBody</body>
      <baseBodySize>1.0</baseBodySize>
      <baseHealthScale>1.0</baseHealthScale>
      <baseHungerRate>0.01</baseHungerRate>
      <foodType>None</foodType>
      <gestationPeriodDays>45</gestationPeriodDays>
      <litterSizeCurve>
        <points>
          <li>(0.5, 0)</li>
          <li>(1, 1)</li>
          <li>(1.01, 0.02)</li>
          <li>(3.5, 0)</li>
        </points>
      </litterSizeCurve>

      <lifeStageAges>
        <li>
          <def>SkeletonAdultStage</def>
          <minAge>0</minAge>
          <soundWounded>Pawn_Mech_Scyther_Wounded</soundWounded>
          <soundDeath>Pawn_Mech_Scyther_Death</soundDeath>
          <soundCall>Pawn_Mech_Scyther_Call</soundCall>
          <soundAngry>Pawn_Mech_Scyther_Call</soundAngry>
        </li>
      </lifeStageAges>

      <soundMeleeHitPawn>Pawn_Melee_BigBash_HitPawn</soundMeleeHitPawn>
      <soundMeleeHitBuilding>Pawn_Melee_BigBash_HitBuilding</soundMeleeHitBuilding>
      <soundMeleeMiss>Pawn_Melee_BigBash_Miss</soundMeleeMiss>
      <ageGenerationCurve>
        <points>
          <li>(500,0)</li>
          <li>(700,40)</li>
          <li>(800,80)</li>
          <li>(900,100)</li>
          <li>(1000,80)</li>
          <li>(1150,40)</li>
          <li>(1300,0)</li>
        </points>
      </ageGenerationCurve>
      <hediffGiverSets>
      </hediffGiverSets>
</race>
    <recipes>
      <li>InstallPowerClaw</li>
      <li>InstallBionicEye</li>
      <li>InstallBionicArm</li>
      <li>InstallBionicLeg</li>
      <li>InstallSimpleProstheticArm</li>
      <li>InstallSimpleProstheticLeg</li>
      <li>InstallPegLeg</li>
      <li>InstallDenture</li>
      <li>InstallJoywire</li>
      <li>InstallPainstopper</li>
      <li>InstallNaturalHeart</li>
      <li>InstallNaturalLung</li>
      <li>InstallNaturalKidney</li>
      <li>InstallNaturalLiver</li>
      <li>ExciseCarcinoma</li>
      <li>RemoveBodyPart</li>
      <li>Euthanize</li>
      <li>Anesthetize</li>
    </recipes>
    
    <butcherProducts>
      <Steel>40</Steel>
    </butcherProducts>

    <!--modExtensions>
            <li Class="O21Toolbox.Needs.ArtificialPawnProperties">
                <needFood>False</needFood>
                <corpseEdible>False</corpseEdible>
                <noSkillLoss>False</noSkillLoss>
                <canSocialize>True</canSocialize>
                <colonyCaresIfDead>True</colonyCaresIfDead>
                <tweakCorpseRot>True</tweakCorpseRot>
                <needRest>True</needRest>
                <needJoy>True</needJoy<name />
                <needComfort>True</needComfort>
                <needBeauty>True</needBeauty>
                <needRoomSize>True</needRoomSize>
                <needOutdoors>True</needOutdoors>
                <affectedByEMP>True</affectedByEMP>
            </li>
    </modExtensions-->

</AlienRace.ThingDef_AlienRace>

</Defs>