﻿<?xml version="1.0" encoding="utf-8" ?>
<Defs>

  <FactionDef>
    <defName>KenshiSkeletonFaction</defName>
    <label>Black Desert Skeletons</label>
    <description>A group of skeletons who have formed their own nation.</description>
    <colorSpectrum>
      <li>(1.0, 0.5, 0)</li>
    </colorSpectrum>
    <!--startingGoodwill>
      <min>-50</min>
      <max>50</max>
    </startingGoodwill>
    <naturalColonyGoodwill>
      <min>-50</min>
      <max>50</max>
    </naturalColonyGoodwill>
    <goodwillDailyGain>0.20</goodwillDailyGain>
    <goodwillDailyFall>0.40</goodwillDailyFall-->
    <allowedCultures>
      <li>Corunan</li>
      <li>Rustican</li>
    </allowedCultures>
    <pawnSingular>skeleton</pawnSingular>
    <pawnsPlural>skeletons</pawnsPlural>
    <listOrderPriority>20</listOrderPriority>
    <settlementGenerationWeight>1</settlementGenerationWeight>
    <requiredCountAtGameStart>1</requiredCountAtGameStart>
    <canMakeRandomly>true</canMakeRandomly>
    <canStageAttacks>true</canStageAttacks>
    <factionIconPath>WorldIcon/KenshiSkeletonBase</factionIconPath>
		<geneticVariance>0.1</geneticVariance>
    <fixedName>Black Desert Skeletons</fixedName>
    <settlementNameMaker>NamerSettlementTribal</settlementNameMaker>
    <!--pawnNameMaker>NamerPersonKenshiSkeleton</pawnNameMaker-->
    <techLevel>Industrial</techLevel>
    <backstoryCategories>
      <li>SkeletonBackstoryAncient</li>
    </backstoryCategories>
    <leaderTitle>elder</leaderTitle>
    <!--hairTags>
      <li>Tribal</li>
    </hairTags-->
    <raidCommonalityFromPointsCurve>
      <points>
        <li>(0, 1)</li> <!--Constant 1 at all points levels-->
      </points>
    </raidCommonalityFromPointsCurve>
    <raidLootMaker>TribeRaidLootMaker</raidLootMaker>

    <raidLootValueFromPointsCurve>
      <points>
        <li>(35,     15)</li>
        <li>(100,   120)</li>
        <li>(1000,  500)</li>
        <li>(2000,  800)</li>
        <li>(4000, 1000)</li>
      </points>
    </raidLootValueFromPointsCurve>
    
    <caravanTraderKinds>
      <li>Caravan_Neolithic_BulkGoods</li>
      <li>Caravan_Outlander_Exotic</li>
		</caravanTraderKinds>
    <visitorTraderKinds>
      <li>Visitor_Neolithic_Standard</li>
    </visitorTraderKinds>
    <baseTraderKinds>
      <li>Base_Neolithic_Standard</li>
    </baseTraderKinds>
    <allowedArrivalTemperatureRange>
      <min>-100</min>
      <max>250</max>
    </allowedArrivalTemperatureRange>
    <maxPawnCostPerTotalPointsCurve>
      <points>
        <li>(0,35)</li>
        <li>(70, 50)</li>
        <li>(800, 100)</li>
        <li>(1300, 150)</li>
        <li>(100000, 10000)</li>
      </points>
    </maxPawnCostPerTotalPointsCurve>
    <pawnGroupMakers>
      <li>
        <!-- Combat -->
        <kindDef>Combat</kindDef>
        <commonality>100</commonality>
        <options>
          <Kenshi_Skeleton_Soldier_Melee>20</Kenshi_Skeleton_Soldier_Melee>
          <Kenshi_Skeleton_Soldier_Ranged>10</Kenshi_Skeleton_Soldier_Ranged>
          <Kenshi_Skeleton_FactionLeader>4</Kenshi_Skeleton_FactionLeader>
        </options>
      </li>
      <li>
        <!-- Peaceful -->
        <kindDef>Peaceful</kindDef>
        <options>
          <Kenshi_Skeleton_Soldier_Melee>6</Kenshi_Skeleton_Soldier_Melee>
          <Kenshi_Skeleton_Soldier_Ranged>3</Kenshi_Skeleton_Soldier_Ranged>
          <Kenshi_Skeleton_FactionLeader>4</Kenshi_Skeleton_FactionLeader>
        </options>
      </li>
      <li>
        <kindDef>Trader</kindDef>
        <traders>
          <Kenshi_Skeleton_CaravanTrader>1</Kenshi_Skeleton_CaravanTrader>
        </traders>
        <carriers>
          <Muffalo>6</Muffalo>
          <Dromedary>5</Dromedary>
          <Alpaca>2.5</Alpaca>
          <Elephant>2</Elephant>
        </carriers>
        <guards>
          <Kenshi_Skeleton_CaravanSoldier>7</Kenshi_Skeleton_CaravanSoldier>
        </guards>
      </li>
      <li>
        <kindDef>Settlement</kindDef>
        <options>
           <Kenshi_Skeleton_Soldier_Melee>10</Kenshi_Skeleton_Soldier_Melee>
          <Kenshi_Skeleton_Soldier_Ranged>8</Kenshi_Skeleton_Soldier_Ranged>
          <Kenshi_Skeleton_FactionLeader>4</Kenshi_Skeleton_FactionLeader>
        </options>
      </li>
    </pawnGroupMakers>
    <settlementTexturePath>World/WorldObjects/TribalSettlement</settlementTexturePath>
  </FactionDef>

</Defs>