﻿<?xml version="1.0" encoding="utf-8" ?>
<Defs>

  <!--- Low tier Soldier Drone Melee -->

  <PawnKindDef>
    <defName>Hiver_Soldier</defName>
    <label>soldier drone</label>
    <race>Kenshi_Hiver_Soldier</race>
    <defaultFactionType>TribeCivil</defaultFactionType>
    <backstoryCategories>
      <li>HiveBackstorySoldier</li>
    </backstoryCategories>
    <maxGenerationAge>60</maxGenerationAge>
    <chemicalAddictionChance>0.05</chemicalAddictionChance>
    <invNutrition>2.55</invNutrition>
    <invFoodDef>Pemmican</invFoodDef>
    <apparelTags>
      <li>Neolithic</li>
    </apparelTags>
    <combatPower>35</combatPower>
    <itemQuality>Poor</itemQuality>
    <gearHealthRange>
      <min>0.2</min>
      <max>1.1</max>
    </gearHealthRange>
    <apparelMoney>
      <min>0</min>
      <max>150</max>
    </apparelMoney>
    <weaponMoney>
      <min>50</min>
      <max>150</max>
    </weaponMoney>
    <weaponTags>
      <li>NeolithicMeleeBasic</li>
    </weaponTags>
    <techHediffsMoney>
      <min>50</min>
      <max>50</max>
    </techHediffsMoney>
    <techHediffsTags>
      <li>Poor</li>
      <li>Simple</li>
    </techHediffsTags>
    <techHediffsChance>0.50</techHediffsChance>
  </PawnKindDef>

  <!--- Low tier Soldier Drone Ranged -->

  <PawnKindDef>
    <defName>Hiver_Soldier_Ranged</defName>
    <label>soldier drone</label>
    <race>Kenshi_Hiver_Soldier</race>
    <defaultFactionType>TribeCivil</defaultFactionType>
    <backstoryCategories>
      <li>HiveBackstorySoldier</li>
    </backstoryCategories>
    <maxGenerationAge>60</maxGenerationAge>
    <chemicalAddictionChance>0.05</chemicalAddictionChance>
    <invNutrition>2.55</invNutrition>
    <invFoodDef>Pemmican</invFoodDef>
    <apparelTags>
      <li>Neolithic</li>
    </apparelTags>
    <combatPower>35</combatPower>
    <itemQuality>Poor</itemQuality>
    <gearHealthRange>
      <min>0.2</min>
      <max>1.1</max>
    </gearHealthRange>
    <apparelMoney>
      <min>0</min>
      <max>150</max>
    </apparelMoney>
    <weaponMoney>
      <min>50</min>
      <max>150</max>
    </weaponMoney>
    <weaponTags>
      <li>NeolithicRangedBasic</li>
    </weaponTags>
    <techHediffsMoney>
      <min>50</min>
      <max>50</max>
    </techHediffsMoney>
    <techHediffsTags>
      <li>Poor</li>
      <li>Simple</li>
    </techHediffsTags>
    <techHediffsChance>0.50</techHediffsChance>
  </PawnKindDef>

  <!--- Low tier Worker Drone -->

  <PawnKindDef>
    <defName>Hiver_Worker</defName>
    <label>worker drone</label>
    <race>Kenshi_Hiver_Worker</race>
    <defaultFactionType>TribeCivil</defaultFactionType>
    <backstoryCategories>
      <li>HiveBackstoryWorker</li>
    </backstoryCategories>
    <maxGenerationAge>60</maxGenerationAge>
    <chemicalAddictionChance>0.05</chemicalAddictionChance>
    <invNutrition>2.55</invNutrition>
    <invFoodDef>Pemmican</invFoodDef>
    <apparelTags>
      <li>Neolithic</li>
    </apparelTags>
    <combatPower>35</combatPower>
    <itemQuality>Poor</itemQuality>
    <gearHealthRange>
      <min>0.2</min>
      <max>1.1</max>
    </gearHealthRange>
    <apparelMoney>
      <min>0</min>
      <max>100</max>
    </apparelMoney>
    <weaponMoney>
      <min>50</min>
      <max>100</max>
    </weaponMoney>
    <weaponTags>
      <li>NeolithicMeleeBasic</li>
    </weaponTags>
    <techHediffsMoney>
      <min>50</min>
      <max>800</max>
    </techHediffsMoney>
    <techHediffsTags>
      <li>Poor</li>
      <li>Simple</li>
    </techHediffsTags>
    <techHediffsChance>0.50</techHediffsChance>
  </PawnKindDef>

<!-- High tier Caravan Guard Drone (Soldier) -->
  
  <PawnKindDef>
    <defName>Hiver_CaravanSoldier</defName>
    <label>caravan guard drone</label>
    <race>Kenshi_Hiver_Soldier</race>
    <defaultFactionType>TribeCivil</defaultFactionType>
    <backstoryCategories>
      <li>HiveBackstorySoldier</li>
    </backstoryCategories>
    <maxGenerationAge>60</maxGenerationAge>
    <chemicalAddictionChance>0.05</chemicalAddictionChance>
    <invNutrition>2.55</invNutrition>
    <invFoodDef>Pemmican</invFoodDef>
    <apparelTags>
      <li>Neolithic</li>
    </apparelTags>
    <combatPower>60</combatPower>
    <itemQuality>Poor</itemQuality>
    <canBeSapper>true</canBeSapper>
    <gearHealthRange>
      <min>0.5</min>
      <max>1.8</max>
    </gearHealthRange>
    <apparelMoney>
      <min>200</min>
      <max>300</max>
    </apparelMoney>
    <weaponMoney>
      <min>150</min>
      <max>150</max>
    </weaponMoney>
    <weaponTags>
      <li>NeolithicMeleeDecent</li>
    </weaponTags>
    <techHediffsMoney>
      <min>50</min>
      <max>800</max>
    </techHediffsMoney>
    <techHediffsTags>
      <li>Poor</li>
      <li>Simple</li>
    </techHediffsTags>
  </PawnKindDef>

  <!-- High tier Caravan Drone (Prince) -->
  
  <PawnKindDef>
    <defName>Hiver_CaravanPrince</defName>
    <label>caravan drone</label>
    <trader>true</trader>
    <race>Kenshi_Hiver_Prince</race>
    <defaultFactionType>TribeCivil</defaultFactionType>
    <backstoryCategories>
      <li>HiveBackstoryPrince</li>
    </backstoryCategories>
    <maxGenerationAge>60</maxGenerationAge>
    <chemicalAddictionChance>0.05</chemicalAddictionChance>
    <invNutrition>2.55</invNutrition>
    <invFoodDef>Pemmican</invFoodDef>
    <apparelTags>
      <li>Neolithic</li>
    </apparelTags>
    <combatPower>60</combatPower>
    <itemQuality>Poor</itemQuality>
    <canBeSapper>true</canBeSapper>
    <gearHealthRange>
      <min>0.5</min>
      <max>1.8</max>
    </gearHealthRange>
    <apparelMoney>
      <min>200</min>
      <max>300</max>
    </apparelMoney>
    <weaponMoney>
      <min>150</min>
      <max>150</max>
    </weaponMoney>
    <weaponTags>
      <li>NeolithicMeleeDecent</li>
    </weaponTags>
    <techHediffsMoney>
      <min>50</min>
      <max>800</max>
    </techHediffsMoney>
    <techHediffsTags>
      <li>Poor</li>
      <li>Simple</li>
      <li>Advanced</li>
    </techHediffsTags>
  </PawnKindDef>

<!--Backstories.................................................................................-->

<AlienRace.BackstoryDef>
    <defName>HiveStandardBackground1</defName>
    <title>Hiveborn</title>
    <titleShort>Hiveborn</titleShort>
    <baseDescription>This hiver was born from a Hive Queen's dispenser unit, and raised as part of its hive mind.</baseDescription>
    <slot>Childhood</slot>
    <spawnCategories>
      <li>HiveBackstoryPrince</li>
    </spawnCategories>
    <bodyTypeGlobal>Hulk</bodyTypeGlobal>
</AlienRace.BackstoryDef>

<AlienRace.BackstoryDef>
    <defName>HiveStandardBackground2</defName>
    <title>Hiveborn</title>
    <titleShort>Hiveborn</titleShort>
    <baseDescription>This hiver was born from a Hive Queen's dispenser unit, and raised as part of its hive mind.</baseDescription>
    <slot>Childhood</slot>
    <spawnCategories>
      <li>HiveBackstorySoldier</li>
    </spawnCategories>
    <bodyTypeGlobal>Hulk</bodyTypeGlobal>
</AlienRace.BackstoryDef>

<AlienRace.BackstoryDef>
    <defName>HiveStandardBackground3</defName>
    <title>Hiveborn</title>
    <titleShort>Hiveborn</titleShort>
    <baseDescription>This hiver was born from a Hive Queen's dispenser unit, and raised as part of its hive mind.</baseDescription>
    <slot>Childhood</slot>
    <spawnCategories>
      <li>HiveBackstoryWorker</li>
    </spawnCategories>
    <bodyTypeGlobal>Hulk</bodyTypeGlobal>
</AlienRace.BackstoryDef>

<AlienRace.BackstoryDef>
    <defName>HivePrinceBackground</defName>
    <title>Hive Prince</title>
    <titleShort>Hive Prince</titleShort>
    <baseDescription>This hiver is a Hive Prince, among the most intelligent and free-willed of Hivers.</baseDescription>
    <slot>Adulthood</slot>
    <spawnCategories>
      <li>HiveBackstory</li>
    </spawnCategories>
    <bodyTypeGlobal>Hulk</bodyTypeGlobal>
</AlienRace.BackstoryDef>

<AlienRace.BackstoryDef>
    <defName>HiveSoldierBackground</defName>
    <title>Hive Soldier Drone</title>
    <titleShort>Hive Soldier</titleShort>
    <baseDescription>This hiver is a Hive Soldier Drone, among the least intelligent and most combat-oriented of Hivers. It was created to protect its hive and enforce control over the Worker Drones.</baseDescription>
    <slot>Adulthood</slot>
    <spawnCategories>
      <li>HiveBackstorySoldier</li>
    </spawnCategories>
    <bodyTypeGlobal>Hulk</bodyTypeGlobal>
</AlienRace.BackstoryDef>

<AlienRace.BackstoryDef>
    <defName>HiveWorkerBackground</defName>
    <title>Hive Worker Drone</title>
    <titleShort>Hive Worker</titleShort>
    <baseDescription>This hiver is a Hive Worker Drone, an expendible worker created to labour obediently for their hive.</baseDescription>
    <slot>Adulthood</slot>
    <spawnCategories>
      <li>HiveBackstoryWorker</li>
    </spawnCategories>
    <bodyTypeGlobal>Hulk</bodyTypeGlobal>
</AlienRace.BackstoryDef>

</Defs>