﻿<?xml version="1.0" encoding="utf-8" ?>
<Defs>
<AlienRace.RaceSettings>
        <defName>ShekRaceSettings</defName>
<pawnKindSettings>
            <startingColonists>
                <li>
                    <pawnKindEntries>
                        <li>
                            <kindDefs>
                                <li>ShekPlayer</li>
                            </kindDefs>
                            <chance>20.0</chance>
                        </li>
                    </pawnKindEntries>
                    <factionDefs>
                        <li>PlayerColony</li> 
                    </factionDefs>
                </li>
                                <li>
                    <pawnKindEntries>
                        <li>
                            <kindDefs>
                                <li>ShekPlayer</li>
                            </kindDefs>
                            <chance>20.0</chance>
                        </li>
                    </pawnKindEntries>
                    <factionDefs>
                        <li>PlayerTribe</li> 
                    </factionDefs>
                </li>
            </startingColonists>
            <alienwandererkinds>
                <li>
                    <pawnKindEntries>
                        <li>
                            <kindDefs>
                                <li>ShekPlayer</li>
                            </kindDefs>
                            <chance>20.0</chance>
                        </li>
                    </pawnKindEntries>
                    <factionDefs>
                        <li>PlayerColony</li> 
                    </factionDefs>
                </li>
            </alienwandererkinds>
            </pawnKindSettings>
</AlienRace.RaceSettings>
</Defs>