﻿<?xml version="1.0" encoding="utf-8"?>
<Defs>
<AlienRace.ThingDef_AlienRace ParentName="BasePawn">
    <defName>Kenshi_Hiver_Prince</defName>
    <label>hive prince</label>
    
    <description>A stick-like humanoid ruled by a hive mind.</description>
        
    <statBases>
      <PsychicSensitivity>1.0</PsychicSensitivity>
      <ToxicSensitivity>1.0</ToxicSensitivity>
      <ComfyTemperatureMin>12</ComfyTemperatureMin>
      <ComfyTemperatureMax>52</ComfyTemperatureMax>
      <LeatherAmount>30</LeatherAmount>
      <MarketValue>1000</MarketValue>
      <MoveSpeed>4.61</MoveSpeed>
      <Flammability>1.0</Flammability>
      <CarryingCapacity>75</CarryingCapacity>
      <MentalBreakThreshold>0.01</MentalBreakThreshold>
      <ResearchSpeed>1.0</ResearchSpeed>
      <MiningSpeed>1.0</MiningSpeed>
      <SocialImpact>0.8</SocialImpact>
      <PlantWorkSpeed>1.0</PlantWorkSpeed>
      <PlantHarvestYield>1.0</PlantHarvestYield>
      <ConstructionSpeed>1.0</ConstructionSpeed>
      <ArmorRating_Blunt>0.1</ArmorRating_Blunt>
      <ArmorRating_Sharp>0.15</ArmorRating_Sharp>
    </statBases>
    <tools>
      <li>
        <label>left fist</label>
        <capacities>
          <li>Blunt</li>
        </capacities>
        <power>8.2</power>
        <cooldownTime>2</cooldownTime>
        <linkedBodyPartsGroup>LeftHand</linkedBodyPartsGroup>
        <surpriseAttack>
          <extraMeleeDamages>
            <li>
              <def>Stun</def>
              <amount>14</amount>
            </li>
          </extraMeleeDamages>
        </surpriseAttack>
      </li>
      <li>
        <label>right fist</label>
        <capacities>
          <li>Blunt</li>
        </capacities>
        <power>8.2</power>
        <cooldownTime>2</cooldownTime>
        <linkedBodyPartsGroup>RightHand</linkedBodyPartsGroup>
        <surpriseAttack>
          <extraMeleeDamages>
            <li>
              <def>Stun</def>
              <amount>14</amount>
            </li>
          </extraMeleeDamages>
        </surpriseAttack>
      </li>
      <li>
        <label>head</label>
        <capacities>
          <li>Blunt</li>
        </capacities>
        <power>5</power>
        <cooldownTime>2</cooldownTime>
        <linkedBodyPartsGroup>HeadAttackTool</linkedBodyPartsGroup>
        <ensureLinkedBodyPartsGroupAlwaysUsable>true</ensureLinkedBodyPartsGroupAlwaysUsable>
        <chanceFactor>0.2</chanceFactor>
      </li>
    </tools>

<alienRace>

<generalSettings>
    <humanRecipeImport>true</humanRecipeImport>
    <alienPartGenerator>
    <alienbodytypes>
      <li>Male</li>
    </alienbodytypes>
    <aliencrowntypes>
      <li>Average_Normal</li>
      <li>Big</li>
     </aliencrowntypes>
    <useGenderedHeads>false</useGenderedHeads>
    <useGenderedBodies>false</useGenderedBodies>

    <colorChannels>
      <li>
        <name>skin</name>
        <first Class="ColorGenerator_Options">
            <options>
                <li>
                    <weight>10</weight>
                    <only>RGBA(1.0,1.0,1.0,1)</only>
                </li>
            </options>
        </first>
      </li>
    </colorChannels>

    </alienPartGenerator>
    
    <immuneToAge>true</immuneToAge>

    <maleGenderProbability>1.0</maleGenderProbability>

    <chemicalSettings>
    </chemicalSettings>
    




</generalSettings>    


<graphicPaths>
    <li>
	<body>Races/Hiver/Body/</body>
        <head>Races/Hiver/Head_Prince/</head>
    </li>
</graphicPaths>


<hairSettings>
    <hasHair>false</hasHair>
</hairSettings>



<relationSettings>
            <relationChanceModifierChild>1</relationChanceModifierChild>
            <relationChanceModifierExLover>1</relationChanceModifierExLover>
            <relationChanceModifierExSpouse>1</relationChanceModifierExSpouse>
            <relationChanceModifierFiance>1</relationChanceModifierFiance>
            <relationChanceModifierLover>1</relationChanceModifierLover>
            <relationChanceModifierParent>1</relationChanceModifierParent>
            <relationChanceModifierSibling>1</relationChanceModifierSibling>
            <relationChanceModifierSpouse>1</relationChanceModifierSpouse>
</relationSettings>
       

 <thoughtSettings>
    <cannotReceiveThoughts>
    </cannotReceiveThoughts>
    
    <ateThoughtSpecific>
    </ateThoughtSpecific>

    <replacerList>
    </replacerList>

    
</thoughtSettings>


<raceRestriction>
</raceRestriction>


</alienRace>
    
<race>
      <thinkTreeMain>Humanlike</thinkTreeMain>
      <nameGenerator>NamerPersonKenshiHiver</nameGenerator>
      <thinkTreeConstant>HumanlikeConstant</thinkTreeConstant>
      <intelligence>Humanlike</intelligence>
      <makesFootprints>true</makesFootprints>
      <lifeExpectancy>60</lifeExpectancy>
      <bloodDef></bloodDef>
      <leatherDef>Leather_Plain</leatherDef>
      <nameCategory>HumanStandard</nameCategory>
      <body>HiverBody</body>
      <baseBodySize>1.0</baseBodySize>
      <baseHealthScale>1.0</baseHealthScale>
      <baseHungerRate>1.0</baseHungerRate>
      <foodType>OmnivoreHuman</foodType>
      <gestationPeriodDays>45</gestationPeriodDays>
      <litterSizeCurve>
        <points>
          <li>(0.5, 0)</li>
          <li>(1, 1)</li>
          <li>(1.01, 0.02)</li>
          <li>(3.5, 0)</li>
        </points>
      </litterSizeCurve>

      <lifeStageAges>
        <li>
          <def>HumanlikeAdult</def>
          <minAge>0</minAge>
          <soundWounded>Pawn_Megascarab_Wounded</soundWounded>
          <soundDeath>Pawn_Megascarab_Death</soundDeath>
          <soundCall>Pawn_Megascarab_Call</soundCall>
          <soundAngry>Pawn_Megascarab_Angry</soundAngry>
        </li>
      </lifeStageAges>

      <soundMeleeHitPawn>Pawn_Melee_BigBash_HitPawn</soundMeleeHitPawn>
      <soundMeleeHitBuilding>Pawn_Melee_BigBash_HitBuilding</soundMeleeHitBuilding>
      <soundMeleeMiss>Pawn_Melee_BigBash_Miss</soundMeleeMiss>
      <ageGenerationCurve>
        <points>
          <li>(14,0)</li>
          <li>(16,100)</li>
          <li>(50,100)</li>
          <li>(60,30)</li>
          <li>(70,18)</li>
          <li>(80,10)</li>
          <li>(90,3)</li>
          <li>(100,0)</li>
        </points>
      </ageGenerationCurve>
      <hediffGiverSets>
        <li>OrganicStandard</li>
      </hediffGiverSets>
</race>
    <recipes>
      <li>InstallPowerClaw</li>
      <li>InstallBionicEye</li>
      <li>InstallBionicArm</li>
      <li>InstallBionicLeg</li>
      <li>InstallSimpleProstheticArm</li>
      <li>InstallSimpleProstheticLeg</li>
      <li>InstallPegLeg</li>
      <li>InstallDenture</li>
      <li>InstallJoywire</li>
      <li>InstallPainstopper</li>
      <li>InstallNaturalHeart</li>
      <li>InstallNaturalLung</li>
      <li>InstallNaturalKidney</li>
      <li>InstallNaturalLiver</li>
      <li>ExciseCarcinoma</li>
      <li>RemoveBodyPart</li>
      <li>Euthanize</li>
      <li>Anesthetize</li>
    </recipes>
    
</AlienRace.ThingDef_AlienRace>


<!--.........................................................................................-->



<AlienRace.ThingDef_AlienRace ParentName="BasePawn">
    <defName>Kenshi_Hiver_Worker</defName>
    <label>hive worker drone</label>
    
    <description>A stick-like humanoid ruled by a hive mind.</description>
        
    <statBases>
      <PsychicSensitivity>1.0</PsychicSensitivity>
      <ToxicSensitivity>1.0</ToxicSensitivity>
      <ComfyTemperatureMin>12</ComfyTemperatureMin>
      <ComfyTemperatureMax>52</ComfyTemperatureMax>
      <LeatherAmount>30</LeatherAmount>
      <MarketValue>1000</MarketValue>
      <MoveSpeed>4.61</MoveSpeed>
      <Flammability>1.0</Flammability>
      <CarryingCapacity>75</CarryingCapacity>
      <MentalBreakThreshold>0.01</MentalBreakThreshold>
      <ResearchSpeed>1.0</ResearchSpeed>
      <MiningSpeed>1.0</MiningSpeed>
      <SocialImpact>0.8</SocialImpact>
      <PlantWorkSpeed>1.0</PlantWorkSpeed>
      <PlantHarvestYield>1.0</PlantHarvestYield>
      <ConstructionSpeed>1.0</ConstructionSpeed>
      <ArmorRating_Blunt>0.1</ArmorRating_Blunt>
      <ArmorRating_Sharp>0.15</ArmorRating_Sharp>
    </statBases>
    <tools>
      <li>
        <label>left fist</label>
        <capacities>
          <li>Blunt</li>
        </capacities>
        <power>8.2</power>
        <cooldownTime>2</cooldownTime>
        <linkedBodyPartsGroup>LeftHand</linkedBodyPartsGroup>
        <surpriseAttack>
          <extraMeleeDamages>
            <li>
              <def>Stun</def>
              <amount>14</amount>
            </li>
          </extraMeleeDamages>
        </surpriseAttack>
      </li>
      <li>
        <label>right fist</label>
        <capacities>
          <li>Blunt</li>
        </capacities>
        <power>8.2</power>
        <cooldownTime>2</cooldownTime>
        <linkedBodyPartsGroup>RightHand</linkedBodyPartsGroup>
        <surpriseAttack>
          <extraMeleeDamages>
            <li>
              <def>Stun</def>
              <amount>14</amount>
            </li>
          </extraMeleeDamages>
        </surpriseAttack>
      </li>
      <li>
        <label>head</label>
        <capacities>
          <li>Blunt</li>
        </capacities>
        <power>5</power>
        <cooldownTime>2</cooldownTime>
        <linkedBodyPartsGroup>HeadAttackTool</linkedBodyPartsGroup>
        <ensureLinkedBodyPartsGroupAlwaysUsable>true</ensureLinkedBodyPartsGroupAlwaysUsable>
        <chanceFactor>0.2</chanceFactor>
      </li>
    </tools>

<alienRace>

<generalSettings>
    <humanRecipeImport>true</humanRecipeImport>
    <alienPartGenerator>
    <alienbodytypes>
      <li>Male</li>
    </alienbodytypes>
    <aliencrowntypes>
      <li>Average_Normal</li>
      <li>Big</li>
     </aliencrowntypes>
    <useGenderedHeads>false</useGenderedHeads>
    <useGenderedBodies>false</useGenderedBodies>
    <colorChannels>
      <li>
        <name>skin</name>
        <first Class="ColorGenerator_Options">
            <options>
                <li>
                    <weight>10</weight>
                    <only>RGBA(1.0,1.0,1.0,1)</only>
                </li>
            </options>
        </first>
      </li>
    </colorChannels>
    </alienPartGenerator>
    
    <immuneToAge>true</immuneToAge>

    <maleGenderProbability>1.0</maleGenderProbability>

    <chemicalSettings>
    </chemicalSettings>
    




</generalSettings>    


<graphicPaths>
    <li>
  <body>Races/Hiver/Body/</body>
        <head>Races/Hiver/Head_Worker/</head>
    </li>
</graphicPaths>


<hairSettings>
    <hasHair>false</hasHair>
</hairSettings>



<relationSettings>
            <relationChanceModifierChild>1</relationChanceModifierChild>
            <relationChanceModifierExLover>1</relationChanceModifierExLover>
            <relationChanceModifierExSpouse>1</relationChanceModifierExSpouse>
            <relationChanceModifierFiance>1</relationChanceModifierFiance>
            <relationChanceModifierLover>1</relationChanceModifierLover>
            <relationChanceModifierParent>1</relationChanceModifierParent>
            <relationChanceModifierSibling>1</relationChanceModifierSibling>
            <relationChanceModifierSpouse>1</relationChanceModifierSpouse>
</relationSettings>
       

 <thoughtSettings>
    <cannotReceiveThoughts>
    </cannotReceiveThoughts>
    
    <ateThoughtSpecific>
    </ateThoughtSpecific>

    <replacerList>
    </replacerList>

    
</thoughtSettings>


<raceRestriction>
</raceRestriction>


</alienRace>
    
<race>
      <thinkTreeMain>Humanlike</thinkTreeMain>
      <nameGenerator>NamerPersonKenshiHiver</nameGenerator>
      <thinkTreeConstant>HumanlikeConstant</thinkTreeConstant>
      <intelligence>Humanlike</intelligence>
      <makesFootprints>true</makesFootprints>
      <lifeExpectancy>60</lifeExpectancy>
      <bloodDef></bloodDef>
      <leatherDef>Leather_Plain</leatherDef>
      <nameCategory>HumanStandard</nameCategory>
      <body>HiverBody</body>
      <baseBodySize>1.0</baseBodySize>
      <baseHealthScale>1.0</baseHealthScale>
      <baseHungerRate>1.0</baseHungerRate>
      <foodType>OmnivoreHuman</foodType>
      <gestationPeriodDays>45</gestationPeriodDays>
      <litterSizeCurve>
        <points>
          <li>(0.5, 0)</li>
          <li>(1, 1)</li>
          <li>(1.01, 0.02)</li>
          <li>(3.5, 0)</li>
        </points>
      </litterSizeCurve>

      <lifeStageAges>
        <li>
          <def>HumanlikeAdult</def>
          <minAge>0</minAge>
          <soundWounded>Pawn_Dromedary_Wounded</soundWounded>
          <soundDeath>Pawn_Dromedary_Death</soundDeath>
          <soundCall>Pawn_Dromedary_Call</soundCall>
          <soundAngry>Pawn_Dromedary_Angry</soundAngry>
        </li>
      </lifeStageAges>

      <soundMeleeHitPawn>Pawn_Melee_BigBash_HitPawn</soundMeleeHitPawn>
      <soundMeleeHitBuilding>Pawn_Melee_BigBash_HitBuilding</soundMeleeHitBuilding>
      <soundMeleeMiss>Pawn_Melee_BigBash_Miss</soundMeleeMiss>
      <ageGenerationCurve>
        <points>
          <li>(14,0)</li>
          <li>(16,100)</li>
          <li>(50,100)</li>
          <li>(60,30)</li>
          <li>(70,18)</li>
          <li>(80,10)</li>
          <li>(90,3)</li>
          <li>(100,0)</li>
        </points>
      </ageGenerationCurve>
      <hediffGiverSets>
        <li>OrganicStandard</li>
      </hediffGiverSets>
</race>
    <recipes>
      <li>InstallPowerClaw</li>
      <li>InstallBionicEye</li>
      <li>InstallBionicArm</li>
      <li>InstallBionicLeg</li>
      <li>InstallSimpleProstheticArm</li>
      <li>InstallSimpleProstheticLeg</li>
      <li>InstallPegLeg</li>
      <li>InstallDenture</li>
      <li>InstallJoywire</li>
      <li>InstallPainstopper</li>
      <li>InstallNaturalHeart</li>
      <li>InstallNaturalLung</li>
      <li>InstallNaturalKidney</li>
      <li>InstallNaturalLiver</li>
      <li>ExciseCarcinoma</li>
      <li>RemoveBodyPart</li>
      <li>Euthanize</li>
      <li>Anesthetize</li>
    </recipes>
    
</AlienRace.ThingDef_AlienRace>



<!--.........................................................................................-->



<AlienRace.ThingDef_AlienRace ParentName="BasePawn">
    <defName>Kenshi_Hiver_Soldier</defName>
    <label>hive soldier drone</label>
    
    <description>A stick-like humanoid ruled by a hive mind.</description>
        
    <statBases>
      <PsychicSensitivity>1.0</PsychicSensitivity>
      <ToxicSensitivity>1.0</ToxicSensitivity>
      <ComfyTemperatureMin>12</ComfyTemperatureMin>
      <ComfyTemperatureMax>52</ComfyTemperatureMax>
      <LeatherAmount>30</LeatherAmount>
      <MarketValue>1000</MarketValue>
      <MoveSpeed>4.61</MoveSpeed>
      <Flammability>1.0</Flammability>
      <CarryingCapacity>75</CarryingCapacity>
      <MentalBreakThreshold>0.01</MentalBreakThreshold>
      <ResearchSpeed>1.0</ResearchSpeed>
      <MiningSpeed>1.0</MiningSpeed>
      <SocialImpact>0.8</SocialImpact>
      <PlantWorkSpeed>1.0</PlantWorkSpeed>
      <PlantHarvestYield>1.0</PlantHarvestYield>
      <ConstructionSpeed>1.0</ConstructionSpeed>
      <ArmorRating_Blunt>0.1</ArmorRating_Blunt>
      <ArmorRating_Sharp>0.15</ArmorRating_Sharp>
    </statBases>
    <tools>
      <li>
        <label>left fist</label>
        <capacities>
          <li>Blunt</li>
        </capacities>
        <power>8.2</power>
        <cooldownTime>2</cooldownTime>
        <linkedBodyPartsGroup>LeftHand</linkedBodyPartsGroup>
        <surpriseAttack>
          <extraMeleeDamages>
            <li>
              <def>Stun</def>
              <amount>14</amount>
            </li>
          </extraMeleeDamages>
        </surpriseAttack>
      </li>
      <li>
        <label>right fist</label>
        <capacities>
          <li>Blunt</li>
        </capacities>
        <power>8.2</power>
        <cooldownTime>2</cooldownTime>
        <linkedBodyPartsGroup>RightHand</linkedBodyPartsGroup>
        <surpriseAttack>
          <extraMeleeDamages>
            <li>
              <def>Stun</def>
              <amount>14</amount>
            </li>
          </extraMeleeDamages>
        </surpriseAttack>
      </li>
      <li>
        <label>head</label>
        <capacities>
          <li>Blunt</li>
        </capacities>
        <power>5</power>
        <cooldownTime>2</cooldownTime>
        <linkedBodyPartsGroup>HeadAttackTool</linkedBodyPartsGroup>
        <ensureLinkedBodyPartsGroupAlwaysUsable>true</ensureLinkedBodyPartsGroupAlwaysUsable>
        <chanceFactor>0.2</chanceFactor>
      </li>
    </tools>

<alienRace>

<generalSettings>
    <humanRecipeImport>true</humanRecipeImport>
    <alienPartGenerator>
    <alienbodytypes>
      <li>Male</li>
    </alienbodytypes>
    <aliencrowntypes>
      <li>Average_Normal</li>
      <li>Big</li>
     </aliencrowntypes>
    <useGenderedHeads>false</useGenderedHeads>
    <useGenderedBodies>false</useGenderedBodies>
    <colorChannels>
      <li>
        <name>skin</name>
        <first Class="ColorGenerator_Options">
            <options>
                <li>
                    <weight>10</weight>
                    <only>RGBA(1.0,1.0,1.0,1)</only>
                </li>
            </options>
        </first>
      </li>
    </colorChannels>
    </alienPartGenerator>
    
    <immuneToAge>true</immuneToAge>

    <maleGenderProbability>1.0</maleGenderProbability>

    <chemicalSettings>
    </chemicalSettings>
    




</generalSettings>    


<graphicPaths>
    <li>
  <body>Races/Hiver/Body/</body>
        <head>Races/Hiver/Head_Soldier/</head>
    </li>
</graphicPaths>


<hairSettings>
    <hasHair>false</hasHair>
</hairSettings>



<relationSettings>
            <relationChanceModifierChild>1</relationChanceModifierChild>
            <relationChanceModifierExLover>1</relationChanceModifierExLover>
            <relationChanceModifierExSpouse>1</relationChanceModifierExSpouse>
            <relationChanceModifierFiance>1</relationChanceModifierFiance>
            <relationChanceModifierLover>1</relationChanceModifierLover>
            <relationChanceModifierParent>1</relationChanceModifierParent>
            <relationChanceModifierSibling>1</relationChanceModifierSibling>
            <relationChanceModifierSpouse>1</relationChanceModifierSpouse>
</relationSettings>
       

 <thoughtSettings>
    <cannotReceiveThoughts>
    </cannotReceiveThoughts>
    
    <ateThoughtSpecific>
    </ateThoughtSpecific>

    <replacerList>
    </replacerList>

    
</thoughtSettings>


<raceRestriction>
</raceRestriction>


</alienRace>
    
<race>
      <thinkTreeMain>Humanlike</thinkTreeMain>
      <nameGenerator>NamerPersonKenshiHiver</nameGenerator>
      <thinkTreeConstant>HumanlikeConstant</thinkTreeConstant>
      <intelligence>Humanlike</intelligence>
      <makesFootprints>true</makesFootprints>
      <lifeExpectancy>60</lifeExpectancy>
      <bloodDef></bloodDef>
      <leatherDef>Leather_Plain</leatherDef>
      <nameCategory>HumanStandard</nameCategory>
      <body>HiverBody</body>
      <baseBodySize>1.0</baseBodySize>
      <baseHealthScale>1.0</baseHealthScale>
      <baseHungerRate>1.0</baseHungerRate>
      <foodType>OmnivoreHuman</foodType>
      <gestationPeriodDays>45</gestationPeriodDays>
      <litterSizeCurve>
        <points>
          <li>(0.5, 0)</li>
          <li>(1, 1)</li>
          <li>(1.01, 0.02)</li>
          <li>(3.5, 0)</li>
        </points>
      </litterSizeCurve>

      <lifeStageAges>
        <li>
          <def>HumanlikeAdult</def>
          <minAge>0</minAge>
          <soundWounded>Pawn_Dromedary_Wounded</soundWounded>
          <soundDeath>Pawn_Dromedary_Death</soundDeath>
          <soundCall>Pawn_Dromedary_Call</soundCall>
          <soundAngry>Pawn_Dromedary_Angry</soundAngry>
        </li>
      </lifeStageAges>

      <soundMeleeHitPawn>Pawn_Melee_BigBash_HitPawn</soundMeleeHitPawn>
      <soundMeleeHitBuilding>Pawn_Melee_BigBash_HitBuilding</soundMeleeHitBuilding>
      <soundMeleeMiss>Pawn_Melee_BigBash_Miss</soundMeleeMiss>
      <ageGenerationCurve>
        <points>
          <li>(14,0)</li>
          <li>(16,100)</li>
          <li>(50,100)</li>
          <li>(60,30)</li>
          <li>(70,18)</li>
          <li>(80,10)</li>
          <li>(90,3)</li>
          <li>(100,0)</li>
        </points>
      </ageGenerationCurve>
      <hediffGiverSets>
        <li>OrganicStandard</li>
      </hediffGiverSets>
</race>
    <recipes>
      <li>InstallPowerClaw</li>
      <li>InstallBionicEye</li>
      <li>InstallBionicArm</li>
      <li>InstallBionicLeg</li>
      <li>InstallSimpleProstheticArm</li>
      <li>InstallSimpleProstheticLeg</li>
      <li>InstallPegLeg</li>
      <li>InstallDenture</li>
      <li>InstallJoywire</li>
      <li>InstallPainstopper</li>
      <li>InstallNaturalHeart</li>
      <li>InstallNaturalLung</li>
      <li>InstallNaturalKidney</li>
      <li>InstallNaturalLiver</li>
      <li>ExciseCarcinoma</li>
      <li>RemoveBodyPart</li>
      <li>Euthanize</li>
      <li>Anesthetize</li>
    </recipes>
    
</AlienRace.ThingDef_AlienRace>



</Defs>