﻿<?xml version="1.0" encoding="utf-8" ?>
<Defs>

  <FactionDef>
    <defName>FogmenFaction</defName>
    <label>deadhive</label>
    <description>A group of Hivers driven mad by a parasite, who attack and eat anything they see.</description>
    <colorSpectrum>
      <li>(0, 0.5, 1.0)</li>
    </colorSpectrum>
    <startingGoodwill>
      <min>-100</min>
      <max>-100</max>
    </startingGoodwill>
    <naturalColonyGoodwill>
      <min>-100</min>
      <max>-100</max>
    </naturalColonyGoodwill>
    <goodwillDailyGain>0.20</goodwillDailyGain>
    <goodwillDailyFall>0.40</goodwillDailyFall>
    <pawnSingular>fogman</pawnSingular>
    <pawnsPlural>fogmen</pawnsPlural>
    <listOrderPriority>20</listOrderPriority>
    <settlementGenerationWeight>1</settlementGenerationWeight>
    <requiredCountAtGameStart>1</requiredCountAtGameStart>
    <canMakeRandomly>true</canMakeRandomly>
    <canStageAttacks>true</canStageAttacks>
    <expandingIconTexture>WorldIcon/HiveBase</expandingIconTexture>
		<geneticVariance>0.1</geneticVariance>
    <fixedName>Deadhive</fixedName>
    <settlementNameMaker>NamerSettlementTribal</settlementNameMaker>
    <pawnNameMaker>NamerPersonTribal</pawnNameMaker>
    <techLevel>Neolithic</techLevel>
    <backstoryCategories>
      <li>HiveBackstorySoldier</li>
    </backstoryCategories>
    <leaderTitle></leaderTitle>
    <hairTags>
      <li>Tribal</li>
    </hairTags>
    <raidCommonalityFromPointsCurve>
      <points>
        <li>(0, 1)</li> <!--Constant 1 at all points levels-->
      </points>
    </raidCommonalityFromPointsCurve>
    <caravanTraderKinds>
		</caravanTraderKinds>
    <visitorTraderKinds>
    </visitorTraderKinds>
    <baseTraderKinds>
    </baseTraderKinds>
    <allowedArrivalTemperatureRange>
      <min>-40</min>
      <max>45</max>
    </allowedArrivalTemperatureRange>
    <maxPawnCostPerTotalPointsCurve>
      <points>
        <li>(0,35)</li>
        <li>(70, 50)</li>
        <li>(800, 100)</li>
        <li>(1300, 150)</li>
        <li>(100000, 10000)</li>
      </points>
    </maxPawnCostPerTotalPointsCurve>
    <pawnGroupMakers>
      <li>
        <!-- Combat -->
        <kindDef>Combat</kindDef>
        <commonality>100</commonality>
        <options>
          <Hiver_Worker_Fog>20</Hiver_Worker_Fog>
          <Hiver_Soldier_Fog>10</Hiver_Soldier_Fog>
        </options>
      </li>
      <li>
        <!-- Peaceful -->
        <kindDef>Peaceful</kindDef>
        <options>
          <Hiver_Worker_Fog>6</Hiver_Worker_Fog>
          <Hiver_Soldier_Fog>3</Hiver_Soldier_Fog>
        </options>
      </li>
      <li>
        <kindDef>Trader</kindDef>
        <traders>
        </traders>
        <carriers>
        </carriers>
        <guards>
        </guards>
      </li>
      <li>
        <kindDef>Settlement</kindDef>
        <options>
           <Hiver_Worker_Fog>10</Hiver_Worker_Fog>
          <Hiver_Soldier_Fog>8</Hiver_Soldier_Fog>
        </options>
      </li>
    </pawnGroupMakers>
    <homeIconPath>World/WorldObjects/TribalSettlement</homeIconPath>
  </FactionDef>

</Defs>