﻿<?xml version="1.0" encoding="utf-8" ?>
<Defs>

  <FactionDef>
    <defName>HiverCivil</defName>
    <label>western hive</label>
    <description>This strange group is a hive mind of artificially-created "Hivers," who serve the hive's queen. This "Western Hive" is generally friendly to outsiders, but still has plenty of military protection. They use low-tech weapons and prosthetics.</description>
    <colorSpectrum>
      <li>(0, 1.0, 0.5)</li>
    </colorSpectrum>
    <startingGoodwill>
      <min>0</min>
      <max>50</max>
    </startingGoodwill>
    <naturalColonyGoodwill>
      <min>-50</min>
      <max>50</max>
    </naturalColonyGoodwill>
    <goodwillDailyGain>0.20</goodwillDailyGain>
    <goodwillDailyFall>0.40</goodwillDailyFall>
    <pawnSingular>hive drone</pawnSingular>
    <pawnsPlural>hive drones</pawnsPlural>
    <listOrderPriority>20</listOrderPriority>
    <settlementGenerationWeight>1</settlementGenerationWeight>
    <requiredCountAtGameStart>1</requiredCountAtGameStart>
    <canMakeRandomly>true</canMakeRandomly>
    <canStageAttacks>true</canStageAttacks>
    <expandingIconTexture>WorldIcon/HiveBase</expandingIconTexture>
		<geneticVariance>0.1</geneticVariance>
    <fixedName>Western Hive</fixedName>
    <settlementNameMaker>NamerSettlementTribal</settlementNameMaker>
    <pawnNameMaker>NamerPersonTribal</pawnNameMaker>
    <techLevel>Neolithic</techLevel>
    <backstoryCategories>
      <li>HiveBackstorySoldier</li>
    </backstoryCategories>
    <leaderTitle>hive queen</leaderTitle>
    <hairTags>
      <li>Tribal</li>
    </hairTags>
    <raidCommonalityFromPointsCurve>
      <points>
        <li>(0, 1)</li> <!--Constant 1 at all points levels-->
      </points>
    </raidCommonalityFromPointsCurve>
    <caravanTraderKinds>
      <li>Caravan_Neolithic_BulkGoods</li>
      <li>Caravan_Neolithic_WarMerchant</li>
	  <li>Caravan_Neolithic_ShamanMerchant</li>
		</caravanTraderKinds>
    <visitorTraderKinds>
      <li>Visitor_Neolithic_Standard</li>
    </visitorTraderKinds>
    <baseTraderKinds>
      <li>Base_Neolithic_Standard</li>
    </baseTraderKinds>
    <allowedArrivalTemperatureRange>
      <min>-40</min>
      <max>45</max>
    </allowedArrivalTemperatureRange>
    <maxPawnCostPerTotalPointsCurve>
      <points>
        <li>(0,35)</li>
        <li>(70, 50)</li>
        <li>(800, 100)</li>
        <li>(1300, 150)</li>
        <li>(100000, 10000)</li>
      </points>
    </maxPawnCostPerTotalPointsCurve>
    <pawnGroupMakers>
      <li>
        <!-- Combat -->
        <kindDef>Combat</kindDef>
        <commonality>100</commonality>
        <options>
          <Hiver_Worker>20</Hiver_Worker>
          <Hiver_Soldier>5</Hiver_Soldier>
          <Hiver_Soldier_Ranged>5</Hiver_Soldier_Ranged>
        </options>
      </li>
      <li>
        <!-- Peaceful -->
        <kindDef>Peaceful</kindDef>
        <options>
          <Hiver_Worker>6</Hiver_Worker>
          <Hiver_Soldier>3</Hiver_Soldier>
          <Hiver_Soldier_Ranged>1</Hiver_Soldier_Ranged>
        </options>
      </li>
      <li>
        <kindDef>Trader</kindDef>
        <traders>
          <Hiver_CaravanPrince>1</Hiver_CaravanPrince>
        </traders>
        <carriers>
          <Muffalo>6</Muffalo>
          <Dromedary>5</Dromedary>
          <Alpaca>2.5</Alpaca>
          <Elephant>2</Elephant>
        </carriers>
        <guards>
          <Hiver_CaravanSoldier>7</Hiver_CaravanSoldier>
        </guards>
      </li>
      <li>
        <kindDef>Settlement</kindDef>
        <options>
           <Hiver_Worker>10</Hiver_Worker>
          <Hiver_Soldier>8</Hiver_Soldier>
        </options>
      </li>
    </pawnGroupMakers>
    <homeIconPath>World/WorldObjects/TribalSettlement</homeIconPath>
  </FactionDef>

    <FactionDef>
    <defName>HiverHostile</defName>
    <label>southern hive</label>
    <description>This strange group is a hive mind of artificially-created "Hivers," who serve the hive's queen. This "Southern Hive" is generally very hostile to outsiders. They use low-tech weapons and prosthetics.</description>
    <colorSpectrum>
      <li>(1.0, 0, 0.5)</li>
    </colorSpectrum>
    <startingGoodwill>
      <min>-50</min>
      <max>-50</max>
    </startingGoodwill>
    <naturalColonyGoodwill>
      <min>-50</min>
      <max>50</max>
    </naturalColonyGoodwill>
    <goodwillDailyGain>0.20</goodwillDailyGain>
    <goodwillDailyFall>0.40</goodwillDailyFall>
    <pawnSingular>hive drone</pawnSingular>
    <pawnsPlural>hive drones</pawnsPlural>
    <listOrderPriority>20</listOrderPriority>
    <settlementGenerationWeight>1</settlementGenerationWeight>
    <requiredCountAtGameStart>1</requiredCountAtGameStart>
    <canMakeRandomly>true</canMakeRandomly>
    <canStageAttacks>true</canStageAttacks>
    <expandingIconTexture>WorldIcon/HiveBase</expandingIconTexture>
    <geneticVariance>0.1</geneticVariance>
    <fixedName>Southern Hive</fixedName>
    <settlementNameMaker>NamerSettlementTribal</settlementNameMaker>
    <pawnNameMaker>NamerPersonTribal</pawnNameMaker>
    <techLevel>Neolithic</techLevel>
    <backstoryCategories>
      <li>HiveBackstorySoldier</li>
    </backstoryCategories>
    <leaderTitle>hive queen</leaderTitle>
    <hairTags>
      <li>Tribal</li>
    </hairTags>
    <raidCommonalityFromPointsCurve>
      <points>
        <li>(0, 1)</li> <!--Constant 1 at all points levels-->
      </points>
    </raidCommonalityFromPointsCurve>
    <caravanTraderKinds>
      <li>Caravan_Neolithic_BulkGoods</li>
      <li>Caravan_Neolithic_WarMerchant</li>
    <li>Caravan_Neolithic_ShamanMerchant</li>
    </caravanTraderKinds>
    <visitorTraderKinds>
      <li>Visitor_Neolithic_Standard</li>
    </visitorTraderKinds>
    <baseTraderKinds>
      <li>Base_Neolithic_Standard</li>
    </baseTraderKinds>
    <allowedArrivalTemperatureRange>
      <min>-40</min>
      <max>45</max>
    </allowedArrivalTemperatureRange>
    <maxPawnCostPerTotalPointsCurve>
      <points>
        <li>(0,35)</li>
        <li>(70, 50)</li>
        <li>(800, 100)</li>
        <li>(1300, 150)</li>
        <li>(100000, 10000)</li>
      </points>
    </maxPawnCostPerTotalPointsCurve>
    <pawnGroupMakers>
      <li>
        <!-- Combat -->
        <kindDef>Combat</kindDef>
        <commonality>100</commonality>
        <options>
          <Hiver_Worker_Southern>20</Hiver_Worker_Southern>
          <Hiver_Soldier_Melee_Southern>10</Hiver_Soldier_Melee_Southern>
        </options>
      </li>
      <li>
        <!-- Peaceful -->
        <kindDef>Peaceful</kindDef>
        <options>
          <Hiver_Worker_Southern>6</Hiver_Worker_Southern>
          <Hiver_Soldier_Melee_Southern>3</Hiver_Soldier_Melee_Southern>
        </options>
      </li>
      <li>
        <kindDef>Trader</kindDef>
        <traders>
          <Hiver_CaravanPrince_Southern>1</Hiver_CaravanPrince_Southern>
        </traders>
        <carriers>
          <Muffalo>6</Muffalo>
          <Dromedary>5</Dromedary>
          <Alpaca>2.5</Alpaca>
          <Elephant>2</Elephant>
        </carriers>
        <guards>
          <Hiver_CaravanSoldier_Southern>7</Hiver_CaravanSoldier_Southern>
        </guards>
      </li>
      <li>
        <kindDef>Settlement</kindDef>
        <options>
           <Hiver_Worker_Southern>10</Hiver_Worker_Southern>
          <Hiver_Soldier_Ranged_Southern>8</Hiver_Soldier_Ranged_Southern>
        </options>
      </li>
    </pawnGroupMakers>
    <homeIconPath>World/WorldObjects/TribalSettlement</homeIconPath>
  </FactionDef>


</Defs>