<?xml version="1.0" encoding="utf-8"?>

	<ModMetaData>
  
		<name>Kenshi Shek Race</name>
  
		<author>Sharpedo-Dressed Man</author>

		<description>Adds the Shek race from Kenshi, including a Shek Kingdom faction.</description>

		<supportedVersions>
		<li>1.0</li>
		<li>1.1</li>
		<li>1.2</li>
		</supportedVersions>

	<modDependencies>
		<li>
			<packageId>erdelf.HumanoidAlienRaces</packageId>
			<displayName>Humanoid Alien Races 2.0</displayName>
			<steamWorkshopUrl>https://steamcommunity.com/sharedfiles/filedetails/?id=839005762</steamWorkshopUrl>
		</li>
	</modDependencies>
	<loadAfter>
		<li>erdelf.HumanoidAlienRaces</li>
	</loadAfter>

		<packageId>sharpedo.kenshishek</packageId>
</ModMetaData>