﻿<?xml version="1.0" encoding="utf-8" ?>
<Defs>

  <!--- Low tier Soldier Melee -->

  <PawnKindDef>
    <defName>Shek_Soldier</defName>
    <label>warrior</label>
    <race>Kenshi_Shek</race>
    <defaultFactionType>TribeCivil</defaultFactionType>
    <backstoryCategories>
      <li>Tribal</li>
    </backstoryCategories>
    <maxGenerationAge>60</maxGenerationAge>
    <chemicalAddictionChance>0.05</chemicalAddictionChance>
    <invNutrition>2.55</invNutrition>
    <invFoodDef>Pemmican</invFoodDef>
    <apparelTags>
      <li>Neolithic</li>
      <li>MedievalMilitary</li>
      <li>IndustrialBasic</li>
    </apparelTags>
    <combatPower>35</combatPower>
    <itemQuality>Poor</itemQuality>
    <gearHealthRange>
      <min>0.2</min>
      <max>1.1</max>
    </gearHealthRange>
    <apparelMoney>
      <min>150</min>
      <max>300</max>
    </apparelMoney>
    <weaponMoney>
      <min>50</min>
      <max>150</max>
    </weaponMoney>
    <weaponTags>
      <li>NeolithicMeleeBasic</li>
      <li>MedievalMeleeDecent</li>
      <li>MedievalMeleeAdvanced</li>
    </weaponTags>
    <techHediffsMoney>
      <min>50</min>
      <max>250</max>
    </techHediffsMoney>
    <techHediffsTags>
      <li>Poor</li>
      <li>Simple</li>
    </techHediffsTags>
    <techHediffsChance>0.30</techHediffsChance>
    <initialWillRange>0~1</initialWillRange>
    <initialResistanceRange>10~30</initialResistanceRange>
  </PawnKindDef>

  <!--- Low tier Soldier Ranged -->

  <PawnKindDef>
    <defName>Shek_Soldier_Ranged</defName>
    <label>archer</label>
    <race>Kenshi_Shek</race>
    <defaultFactionType>TribeCivil</defaultFactionType>
    <backstoryCategories>
      <li>Tribal</li>
    </backstoryCategories>
    <maxGenerationAge>60</maxGenerationAge>
    <chemicalAddictionChance>0.05</chemicalAddictionChance>
    <invNutrition>2.55</invNutrition>
    <invFoodDef>Pemmican</invFoodDef>
    <apparelTags>
      <li>Neolithic</li>
      <li>MedievalMilitary</li>
      <li>IndustrialBasic</li>
    </apparelTags>
    <combatPower>35</combatPower>
    <itemQuality>Poor</itemQuality>
    <gearHealthRange>
      <min>0.2</min>
      <max>1.1</max>
    </gearHealthRange>
    <apparelMoney>
      <min>150</min>
      <max>300</max>
    </apparelMoney>
    <weaponMoney>
      <min>50</min>
      <max>150</max>
    </weaponMoney>
    <weaponTags>
      <li>NeolithicRangedBasic</li>
      <li>NeolithicRangedHeavy</li>
    </weaponTags>
    <techHediffsMoney>
      <min>50</min>
      <max>250</max>
    </techHediffsMoney>
    <techHediffsTags>
      <li>Poor</li>
      <li>Simple</li>
    </techHediffsTags>
    <techHediffsChance>0.30</techHediffsChance>
    <initialWillRange>0~1</initialWillRange>
    <initialResistanceRange>10~30</initialResistanceRange>
  </PawnKindDef>

  <!--- Low tier Worker -->

  <PawnKindDef>
    <defName>Shek_Worker</defName>
    <label>shek servant</label>
    <race>Kenshi_Shek</race>
    <defaultFactionType>TribeCivil</defaultFactionType>
    <backstoryCategories>
      <li>Tribal</li>
    </backstoryCategories>
    <maxGenerationAge>60</maxGenerationAge>
    <chemicalAddictionChance>0.05</chemicalAddictionChance>
    <invNutrition>2.55</invNutrition>
    <invFoodDef>Pemmican</invFoodDef>
    <apparelTags>
      <li>Neolithic</li>
      <li>MedievalMilitary</li>
      <li>IndustrialBasic</li>
    </apparelTags>
    <combatPower>35</combatPower>
    <itemQuality>Poor</itemQuality>
    <gearHealthRange>
      <min>0.2</min>
      <max>1.1</max>
    </gearHealthRange>
    <apparelMoney>
      <min>100</min>
      <max>200</max>
    </apparelMoney>
    <weaponMoney>
      <min>50</min>
      <max>100</max>
    </weaponMoney>
    <weaponTags>
      <li>NeolithicMeleeBasic</li>
      <li>MedievalMeleeDecent</li>
      <li>MedievalMeleeAdvanced</li>
    </weaponTags>
    <techHediffsMoney>
      <min>50</min>
      <max>800</max>
    </techHediffsMoney>
    <techHediffsTags>
      <li>Poor</li>
      <li>Simple</li>
    </techHediffsTags>
    <techHediffsChance>0.30</techHediffsChance>
    <initialWillRange>0~1</initialWillRange>
    <initialResistanceRange>10~30</initialResistanceRange>
  </PawnKindDef>

<!-- High tier Caravan Guard -->
  
  <PawnKindDef>
    <defName>Shek_CaravanSoldier</defName>
    <label>shek caravan guard</label>
    <race>Kenshi_Shek</race>
    <defaultFactionType>TribeCivil</defaultFactionType>
    <backstoryCategories>
      <li>Tribal</li>
    </backstoryCategories>
    <maxGenerationAge>60</maxGenerationAge>
    <chemicalAddictionChance>0.05</chemicalAddictionChance>
    <invNutrition>2.55</invNutrition>
    <invFoodDef>Pemmican</invFoodDef>
    <apparelTags>
      <li>Neolithic</li>
      <li>MedievalMilitary</li>
      <li>IndustrialBasic</li>
    </apparelTags>
    <combatPower>70</combatPower>
    <itemQuality>Poor</itemQuality>
    <canBeSapper>true</canBeSapper>
    <gearHealthRange>
      <min>0.5</min>
      <max>1.8</max>
    </gearHealthRange>
    <apparelMoney>
      <min>200</min>
      <max>500</max>
    </apparelMoney>
    <weaponMoney>
      <min>150</min>
      <max>150</max>
    </weaponMoney>
    <weaponTags>
      <li>MedievalMeleeDecent</li>
      <li>MedievalMeleeAdvanced</li>
      <li>NeolithicRangedHeavy</li>
    </weaponTags>
    <techHediffsMoney>
      <min>50</min>
      <max>800</max>
    </techHediffsMoney>
    <techHediffsTags>
      <li>Poor</li>
      <li>Simple</li>
    </techHediffsTags>
    <techHediffsChance>0.30</techHediffsChance>
    <initialWillRange>0~1</initialWillRange>
    <initialResistanceRange>10~30</initialResistanceRange>
  </PawnKindDef>

  <!-- High tier Caravan Leader -->
  
  <PawnKindDef>
    <defName>Shek_CaravanLeader</defName>
    <label>shek caravan leader</label>
    <race>Kenshi_Shek</race>
     <trader>true</trader>
    <defaultFactionType>TribeCivil</defaultFactionType>
    <backstoryCategories>
      <li>Tribal</li>
    </backstoryCategories>
    <maxGenerationAge>60</maxGenerationAge>
    <chemicalAddictionChance>0.05</chemicalAddictionChance>
    <invNutrition>2.55</invNutrition>
    <invFoodDef>Pemmican</invFoodDef>
    <apparelTags>
      <li>Neolithic</li>
      <li>MedievalMilitary</li>
      <li>IndustrialBasic</li>
    </apparelTags>
    <combatPower>60</combatPower>
    <itemQuality>Poor</itemQuality>
    <canBeSapper>true</canBeSapper>
    <gearHealthRange>
      <min>0.5</min>
      <max>1.8</max>
    </gearHealthRange>
    <apparelMoney>
      <min>300</min>
      <max>700</max>
    </apparelMoney>
    <weaponMoney>
      <min>150</min>
      <max>500</max>
    </weaponMoney>
    <weaponTags>
      <li>MedievalMeleeDecent</li>
      <li>MedievalMeleeAdvanced</li>
      <li>NeolithicRangedHeavy</li>
    </weaponTags>
    <techHediffsMoney>
      <min>50</min>
      <max>800</max>
    </techHediffsMoney>
    <techHediffsTags>
      <li>Poor</li>
      <li>Simple</li>
      <li>Advanced</li>
    </techHediffsTags>
    <techHediffsChance>0.40</techHediffsChance>
    <initialWillRange>0~1</initialWillRange>
    <initialResistanceRange>15~30</initialResistanceRange>
  </PawnKindDef>

  <!-- Faction leader -->
  
  <PawnKindDef>
    <defName>Shek_FactionLeader</defName>
    <label>shek queen</label>
    <factionLeader>true</factionLeader>
    <race>Kenshi_Shek</race>
    <defaultFactionType>TribeCivil</defaultFactionType>
    <backstoryCategories>
      <li>Tribal</li>
    </backstoryCategories>
    <maxGenerationAge>60</maxGenerationAge>
    <chemicalAddictionChance>0.05</chemicalAddictionChance>
    <invNutrition>2.55</invNutrition>
    <invFoodDef>Pemmican</invFoodDef>
    <apparelTags>
      <li>Neolithic</li>
      <li>MedievalMilitary</li>
      <li>IndustrialBasic</li>
    </apparelTags>
    <combatPower>150</combatPower>
    <canBeSapper>true</canBeSapper>
    <gearHealthRange>
      <min>0.5</min>
      <max>1.8</max>
    </gearHealthRange>
    <apparelMoney>
      <min>300</min>
      <max>700</max>
    </apparelMoney>
    <weaponMoney>
      <min>150</min>
      <max>500</max>
    </weaponMoney>
    <weaponTags>
      <li>MedievalMeleeDecent</li>
      <li>MedievalMeleeAdvanced</li>
      <li>NeolithicRangedHeavy</li>
    </weaponTags>
    <techHediffsMoney>
      <min>50</min>
      <max>800</max>
    </techHediffsMoney>
    <techHediffsTags>
      <li>Poor</li>
      <li>Simple</li>
      <li>Advanced</li>
    </techHediffsTags>
    <techHediffsChance>0.40</techHediffsChance>
    <initialWillRange>0~1</initialWillRange>
    <initialResistanceRange>20~30</initialResistanceRange>
  </PawnKindDef>

</Defs>