<?xml version="1.0" encoding="utf-8"?>

	<ModMetaData>
  
		<name>Kenshi Hiver Race</name>
  
		<author>Sharpedo-Dressed Man</author>

		<description>Adds the Hiver race from Kenshi, including 9 subraces: The Western Hive Soldier, Worker, and Prince and their counterparts of the Southern Hive and Deadhive. Also adds neutral and hostile factions representing the Western Hive and Southern Hive, respectively, as well as the Fogmen's Deadhive.</description>
		
		<supportedVersions>
		<li>1.0</li>
		<li>1.1</li>
		<li>1.2</li>
		<li>1.3</li>
		</supportedVersions>

	<modDependencies>
		<li>
			<packageId>erdelf.HumanoidAlienRaces</packageId>
			<displayName>Humanoid Alien Races 2.0</displayName>
			<steamWorkshopUrl>https://steamcommunity.com/sharedfiles/filedetails/?id=839005762</steamWorkshopUrl>
		</li>
	</modDependencies>
	<loadAfter>
		<li>erdelf.HumanoidAlienRaces</li>
	</loadAfter>

		<packageId>sharpedo.kenshihivers</packageId>

</ModMetaData>