﻿<?xml version="1.0" encoding="utf-8" ?>
<Defs>

  <!--- Low tier Soldier Melee -->

  <PawnKindDef>
    <defName>Kenshi_Skeleton_Soldier_Melee</defName>
    <label>soldier</label>
    <race>Kenshi_Skeleton</race>
    <defaultFactionType>TribeCivil</defaultFactionType>
    <backstoryCategories>
      <li>SkeletonBackstoryAncient</li>
    </backstoryCategories>
    <maxGenerationAge>2500</maxGenerationAge>
    <chemicalAddictionChance>0.0</chemicalAddictionChance>
    <invNutrition>0</invNutrition>
    <invFoodDef>Pemmican</invFoodDef>
    <apparelTags>
      <li>Neolithic</li>
      <li>MedievalMilitary</li>
      <li>IndustrialBasic</li>
    </apparelTags>
    <combatPower>60</combatPower>
    <itemQuality>Poor</itemQuality>
    <gearHealthRange>
      <min>0.2</min>
      <max>1.1</max>
    </gearHealthRange>
    <apparelMoney>
      <min>0</min>
      <max>150</max>
    </apparelMoney>
    <weaponMoney>
      <min>100</min>
      <max>500</max>
    </weaponMoney>
    <weaponTags>
      <li>MedievalMeleeDecent</li>
      <li>MedievalMeleeAdvanced</li>
    </weaponTags>
    <techHediffsMoney>
      <min>80</min>
      <max>1000</max>
    </techHediffsMoney>
    <techHediffsTags>
      <li>Poor</li>
      <li>Simple</li>
    </techHediffsTags>
    <techHediffsChance>0.15</techHediffsChance>
  </PawnKindDef>

  <!--- Low tier Soldier Ranged -->

  <PawnKindDef>
    <defName>Kenshi_Skeleton_Soldier_Ranged</defName>
    <label>bowman</label>
    <race>Kenshi_Skeleton</race>
    <defaultFactionType>TribeCivil</defaultFactionType>
    <backstoryCategories>
      <li>SkeletonBackstoryAncient</li>
    </backstoryCategories>
    <maxGenerationAge>2500</maxGenerationAge>
    <chemicalAddictionChance>0.0</chemicalAddictionChance>
    <invNutrition>0</invNutrition>
    <invFoodDef>Pemmican</invFoodDef>
    <apparelTags>
      <li>Neolithic</li>
      <li>MedievalMilitary</li>
      <li>IndustrialBasic</li>
    </apparelTags>
    <combatPower>60</combatPower>
    <itemQuality>Poor</itemQuality>
    <gearHealthRange>
      <min>0.2</min>
      <max>1.1</max>
    </gearHealthRange>
    <apparelMoney>
      <min>0</min>
      <max>150</max>
    </apparelMoney>
    <weaponMoney>
      <min>100</min>
      <max>500</max>
    </weaponMoney>
    <weaponTags>
      <li>NeolithicRangedBasic</li>
      <li>NeolithicRangedHeavy</li>
    </weaponTags>
    <techHediffsMoney>
      <min>50</min>
      <max>1000</max>
    </techHediffsMoney>
    <techHediffsTags>
      <li>Poor</li>
      <li>Simple</li>
    </techHediffsTags>
    <techHediffsChance>0.15</techHediffsChance>
  </PawnKindDef>

<!-- High tier Caravan Guard -->
  
  <PawnKindDef>
    <defName>Kenshi_Skeleton_CaravanSoldier</defName>
    <label>caravan guard</label>
    <race>Kenshi_Skeleton</race>
    <defaultFactionType>TribeCivil</defaultFactionType>
    <backstoryCategories>
      <li>SkeletonBackstoryAncient</li>
    </backstoryCategories>
    <maxGenerationAge>2500</maxGenerationAge>
    <chemicalAddictionChance>0.0</chemicalAddictionChance>
    <invNutrition>0</invNutrition>
    <invFoodDef>Pemmican</invFoodDef>
    <apparelTags>
      <li>Neolithic</li>
      <li>MedievalMilitary</li>
      <li>IndustrialBasic</li>
    </apparelTags>
    <combatPower>100</combatPower>
    <itemQuality>Poor</itemQuality>
    <canBeSapper>true</canBeSapper>
    <gearHealthRange>
      <min>0.5</min>
      <max>1.8</max>
    </gearHealthRange>
    <apparelMoney>
      <min>200</min>
      <max>500</max>
    </apparelMoney>
    <weaponMoney>
      <min>150</min>
      <max>300</max>
    </weaponMoney>
    <weaponTags>
      <li>MedievalMeleeDecent</li>
      <li>MedievalMeleeAdvanced</li>
    </weaponTags>
        <techHediffsMoney>
      <min>500</min>
      <max>3000</max>
    </techHediffsMoney>
  </PawnKindDef>

<!-- High tier Caravan Trader -->
  
  <PawnKindDef>
    <defName>Kenshi_Skeleton_CaravanTrader</defName>
    <label>trader</label>
    <race>Kenshi_Skeleton</race>
    <trader>true</trader>
    <defaultFactionType>TribeCivil</defaultFactionType>
    <backstoryCategories>
      <li>SkeletonBackstoryAncient</li>
    </backstoryCategories>
    <maxGenerationAge>2500</maxGenerationAge>
    <chemicalAddictionChance>0.0</chemicalAddictionChance>
    <invNutrition>0</invNutrition>
    <invFoodDef>Pemmican</invFoodDef>
    <apparelTags>
      <li>Neolithic</li>
      <li>MedievalMilitary</li>
      <li>IndustrialBasic</li>
    </apparelTags>
    <combatPower>100</combatPower>
    <itemQuality>Poor</itemQuality>
    <canBeSapper>true</canBeSapper>
    <gearHealthRange>
      <min>0.5</min>
      <max>1.8</max>
    </gearHealthRange>
    <apparelMoney>
      <min>200</min>
      <max>500</max>
    </apparelMoney>
    <weaponMoney>
      <min>150</min>
      <max>300</max>
    </weaponMoney>
    <weaponTags>
      <li>MedievalMeleeDecent</li>
      <li>MedievalMeleeAdvanced</li>
    </weaponTags>
        <techHediffsMoney>
      <min>500</min>
      <max>3000</max>
    </techHediffsMoney>
  </PawnKindDef>

<!--Backstories.................................................................................-->

<!--AlienRace.BackstoryDef>
    <defName>KenshiSkeletonStandardBackground</defName>
    <title>Ancient Skeleton</title>
    <titleShort>Ancient Skeleton</titleShort>
    <baseDescription>This skeleton was born long ago, and little is known about its history. Its memories have long since faded.</baseDescription>
    <slot>Childhood</slot>
    <spawnCategories>
      <li>SkeletonBackstoryAncient</li>
    </spawnCategories>
    <bodyTypeGlobal>Hulk</bodyTypeGlobal>
</AlienRace.BackstoryDef!-->

</Defs>