﻿<?xml version="1.0" encoding="utf-8" ?>
<Defs>

  <FactionDef>
    <defName>ShekFaction</defName>
    <label>shek kingdom</label>
    <description>Home of the Shek people.</description>
    <colorSpectrum>
      <li>(0.5, 0, 1.0)</li>
    </colorSpectrum>
    <startingGoodwill>
      <min>0</min>
      <max>50</max>
    </startingGoodwill>
    <naturalColonyGoodwill>
      <min>-50</min>
      <max>50</max>
    </naturalColonyGoodwill>
    <goodwillDailyGain>0.20</goodwillDailyGain>
    <goodwillDailyFall>0.40</goodwillDailyFall>
    <pawnSingular>shek</pawnSingular>
    <pawnsPlural>sheks</pawnsPlural>
    <listOrderPriority>20</listOrderPriority>
    <settlementGenerationWeight>1</settlementGenerationWeight>
    <requiredCountAtGameStart>1</requiredCountAtGameStart>
    <canMakeRandomly>true</canMakeRandomly>
    <canStageAttacks>true</canStageAttacks>
    <factionIconPath>WorldIcon/ShekBase</factionIconPath>
		<geneticVariance>0.1</geneticVariance>
    <fixedName>Shek Kingdom</fixedName>
    <settlementNameMaker>NamerSettlementTribal</settlementNameMaker>
    <pawnNameMaker>NamerPersonTribal</pawnNameMaker>
    <techLevel>Neolithic</techLevel>
    <backstoryCategories>
      <li>Tribal</li>
    </backstoryCategories>
    <leaderTitle>queen</leaderTitle>
    <hairTags>
      <li>Tribal</li>
    </hairTags>
    <raidCommonalityFromPointsCurve>
      <points>
        <li>(0, 1)</li> <!--Constant 1 at all points levels-->
      </points>
    </raidCommonalityFromPointsCurve>
    <caravanTraderKinds>
      <li>Caravan_Neolithic_BulkGoods</li>
      <li>Caravan_Neolithic_WarMerchant</li>
	  <li>Caravan_Neolithic_ShamanMerchant</li>
		</caravanTraderKinds>
    <visitorTraderKinds>
      <li>Visitor_Neolithic_Standard</li>
    </visitorTraderKinds>
    <baseTraderKinds>
      <li>Base_Neolithic_Standard</li>
    </baseTraderKinds>
    <allowedArrivalTemperatureRange>
      <min>-40</min>
      <max>45</max>
    </allowedArrivalTemperatureRange>
    <maxPawnCostPerTotalPointsCurve>
      <points>
        <li>(0,35)</li>
        <li>(70, 50)</li>
        <li>(800, 100)</li>
        <li>(1300, 150)</li>
        <li>(100000, 10000)</li>
      </points>
    </maxPawnCostPerTotalPointsCurve>
    <pawnGroupMakers>
      <li>
        <!-- Combat -->
        <kindDef>Combat</kindDef>
        <commonality>100</commonality>
        <options>
          <Shek_Worker>20</Shek_Worker>
          <Shek_Soldier>10</Shek_Soldier>
        </options>
      </li>
      <li>
        <!-- Peaceful -->
        <kindDef>Peaceful</kindDef>
        <options>
          <Shek_Worker>6</Shek_Worker>
          <Shek_Soldier>3</Shek_Soldier>
        </options>
      </li>
      <li>
        <kindDef>Trader</kindDef>
        <traders>
          <Shek_CaravanLeader>1</Shek_CaravanLeader>
        </traders>
        <carriers>
          <Muffalo>6</Muffalo>
          <Dromedary>5</Dromedary>
          <Alpaca>2.5</Alpaca>
          <Elephant>2</Elephant>
        </carriers>
        <guards>
          <Shek_CaravanSoldier>7</Shek_CaravanSoldier>
        </guards>
      </li>
      <li>
        <kindDef>Settlement</kindDef>
        <options>
           <Shek_Worker>10</Shek_Worker>
          <Shek_Soldier>8</Shek_Soldier>
        </options>
      </li>
    </pawnGroupMakers>
    <settlementTexturePath>World/WorldObjects/TribalSettlement</settlementTexturePath>
  </FactionDef>

</Defs>