﻿<?xml version="1.0" encoding="utf-8" ?>
<Defs>

  <RulePackDef>
    <defName>NamerPersonKenshiHiver</defName>
    <rulePack>
      <rulesStrings>
        <li>name->[HiverName]</li>

      </rulesStrings>
      <rulesRaw>
        <li Class="Rule_File">
          <keyword>HiverName</keyword>
          <path>Kenshi_Names/HiverNames</path>
        </li>
        <li Class="Rule_File">
          <keyword>roman</keyword>
          <path>Words/Misc/Numbers_SmallRoman</path>
        </li>
      </rulesRaw>
    </rulePack>
  </RulePackDef>

</Defs>

