﻿<?xml version="1.0" encoding="utf-8"?>
<Defs>
  <PawnKindDef>
    <defName>ShekPlayer</defName>
    <race>Kenshi_Shek</race>
    <combatPower>30</combatPower>
    <isFighter>false</isFighter>
    <apparelIgnoreSeasons>true</apparelIgnoreSeasons>
    <forceNormalGearQuality>true</forceNormalGearQuality>
    <label>shek </label>
    <defaultFactionType>PlayerTribe</defaultFactionType>
    <backstoryCategories>
      <li>Tribal</li>
    </backstoryCategories>
    <chemicalAddictionChance>0.05</chemicalAddictionChance>
    <apparelTags>
      <li>Neolithic</li>
    </apparelTags>
    <apparelMoney>
      <min>0</min>
      <max>200</max>
    </apparelMoney>
    <backstoryCryptosleepCommonality>0</backstoryCryptosleepCommonality>
    <techHediffsMoney>
      <min>50</min>
      <max>50</max>
    </techHediffsMoney>
    <techHediffsTags>
      <li>Poor</li>
    </techHediffsTags>
    <techHediffsChance>0.02</techHediffsChance>
  </PawnKindDef>

</Defs>